vikingYear,longitudeAreocentrica,sol,pressaoAtmosfericaMediaDiaria
1,1,0,762.4
1,1,1,762.9
1,1,2,760.6
1,1,3,758.1
1,1,4,757.9
1,1,5,756.4
1,1,6,756.4
1,1,7,755.4
1,1,8,754.4
1,1,9,751.4
1,1,10,750.9000000000001
1,1,11,749.8000000000001
1,1,12,748.2
1,1,13,747.3
1,1,14,747.3
1,1,15,746.1999999999999
1,1,16,745.0
1,1,17,743.6
1,1,18,741.2
1,1,19,740.8000000000001
1,1,20,739.8
1,1,21,739.2
1,1,22,737.2
1,1,23,735.5
1,1,24,735.1
1,1,25,735.1
1,1,26,732.5
1,1,27,731.6
1,1,28,730.8
1,1,29,730.5
1,1,30,728.5999999999999
1,1,31,727.5
1,1,32,725.1
1,1,33,724.6
1,1,34,723.5
1,1,35,723.3
1,1,36,721.8
1,1,37,720.6
1,1,38,719.4
1,1,39,718.4
1,1,40,717.3
1,1,41,718.4
1,1,42,713.6999999999999
1,1,43,713.6
1,1,44,712.2
1,1,45,711.9
1,1,46,711.1
1,1,47,710.7
1,1,48,709.6
1,1,49,707.4
1,1,50,707.9
1,1,51,707.0
1,1,52,705.1
1,1,53,703.7
1,1,54,703.7
1,1,55,703.1
1,1,56,702.4
1,1,57,700.4
1,1,58,700.1
1,1,59,698.3
1,1,60,697.9
1,1,61,696.6999999999999
1,1,62,695.8000000000001
1,1,63,695.8000000000001
1,1,64,695.0
1,1,65,693.8
1,1,66,693.2
1,1,67,692.5
1,1,68,692.8
1,1,69,692.4000000000001
1,1,70,692.1
1,1,71,692.1
1,1,72,690.7
1,1,73,690.1
1,1,74,690.9
1,1,75,689.3
1,1,76,688.3
1,1,77,688.4000000000001
1,1,78,686.5
1,1,79,686.5
1,1,80,684.7
1,1,81,684.1
1,1,82,683.6999999999999
1,1,83,684.1999999999999
1,1,84,682.5
1,1,85,684.0
1,1,86,683.5
1,1,87,682.9
1,1,88,682.8000000000001
1,1,89,683.6
1,1,90,683.9000000000001
1,1,91,683.6
1,1,92,684.0
1,1,93,684.0
1,1,94,683.5
1,1,95,684.9
1,1,96,685.1
1,1,97,685.6
1,1,98,685.7
1,1,99,685.3
1,1,100,684.0
1,1,101,684.3
1,1,102,683.8
1,1,103,689.2
1,1,104,813.1742418426105
1,1,105,677.6
1,1,106,678.5
1,1,107,679.3000000000001
1,1,108,680.8
1,1,109,681.2
1,1,110,681.0
1,1,111,681.3
1,1,112,682.3000000000001
1,1,113,680.9
1,1,114,682.3000000000001
1,1,115,682.7
1,1,116,682.5
1,1,117,683.6999999999999
1,1,118,813.1742418426105
1,1,119,813.1742418426105
1,1,120,813.1742418426105
1,1,121,813.1742418426105
1,1,122,813.1742418426105
1,1,123,813.1742418426105
1,1,124,813.1742418426105
1,1,125,813.1742418426105
1,1,126,813.1742418426105
1,1,127,813.1742418426105
1,1,128,813.1742418426105
1,1,129,813.1742418426105
1,1,130,813.1742418426105
1,1,131,689.6
1,1,132,692.6
1,1,133,693.9
1,1,134,687.6
1,1,135,688.8
1,1,136,689.3
1,1,137,689.9
1,1,138,690.3
1,1,139,690.6
1,1,140,690.6
1,1,141,692.0
1,1,142,693.8
1,1,143,694.4
1,1,144,693.5
1,1,145,695.3000000000001
1,1,146,694.9
1,1,147,695.8000000000001
1,1,148,699.0
1,1,149,698.2
1,1,150,701.5
1,1,151,699.6
1,1,152,703.2
1,1,153,702.9
1,1,154,702.6
1,1,155,704.8
1,1,156,709.6
1,1,157,710.9
1,1,158,707.1
1,1,159,707.3000000000001
1,1,160,711.0
1,1,161,708.9000000000001
1,1,162,712.3000000000001
1,1,163,714.1
1,2,164,711.8000000000001
1,2,165,716.3000000000001
1,2,166,717.4000000000001
1,2,167,714.4
1,2,168,720.6
1,2,169,720.3000000000001
1,2,170,718.6
1,2,171,722.8
1,2,172,721.5
1,2,173,725.0
1,2,174,723.6
1,2,175,726.4
1,2,176,731.2
1,2,177,728.8000000000001
1,2,178,733.1
1,2,179,728.7
1,2,180,732.5999999999999
1,2,181,737.3000000000001
1,2,182,736.9
1,2,183,737.3000000000001
1,2,184,737.8
1,2,185,740.1
1,2,186,747.1
1,2,187,740.1
1,2,188,746.6
1,2,189,743.0
1,2,190,746.4000000000001
1,2,191,751.3
1,2,192,747.6
1,2,193,757.2
1,2,194,750.6999999999999
1,2,195,757.5
1,2,196,764.5
1,2,197,753.3000000000001
1,2,198,761.5
1,2,199,755.5
1,2,200,762.3000000000001
1,2,201,766.0999999999999
1,2,202,763.4000000000001
1,2,203,765.6
1,2,204,770.6999999999999
1,2,205,770.2
1,2,206,768.8
1,2,207,769.0
1,2,208,772.6
1,2,209,771.8
1,2,210,795.6
1,2,211,794.3
1,2,212,786.9
1,2,213,786.7
1,2,214,790.2
1,2,215,795.8000000000001
1,2,216,785.2
1,2,217,789.2
1,2,218,792.5
1,2,219,794.6
1,2,220,794.2
1,2,221,799.8000000000001
1,2,222,804.8
1,2,223,807.3000000000001
1,2,224,803.2
1,2,225,806.3000000000001
1,2,226,812.4000000000001
1,2,227,809.0
1,2,228,812.5999999999999
1,2,229,809.4
1,2,230,827.8000000000001
1,2,231,826.4
1,2,232,821.0000000000001
1,2,233,824.7
1,2,234,822.8999999999999
1,2,235,822.3000000000001
1,2,236,831.4
1,2,237,832.6
1,2,238,840.7
1,2,239,840.3000000000001
1,2,240,844.2
1,2,241,842.4
1,2,242,845.9
1,2,243,850.4
1,2,244,844.6
1,2,245,849.0
1,2,246,862.4000000000001
1,2,247,861.7
1,2,248,858.5000000000001
1,2,249,859.5000000000001
1,2,250,868.0999999999999
1,2,251,857.7
1,2,252,863.8
1,2,253,868.0999999999999
1,2,254,857.0
1,2,255,863.7
1,2,256,866.8
1,2,257,871.1999999999999
1,2,258,872.8
1,2,259,876.0
1,2,260,882.4
1,2,261,878.9999999999999
1,2,262,880.3000000000001
1,2,263,884.9
1,2,264,883.6
1,2,265,871.5
1,2,266,880.4
1,2,267,876.0
1,2,268,874.7
1,2,269,879.9
1,2,270,882.9000000000001
1,2,271,885.3
1,2,272,887.7
1,2,273,895.9
1,2,274,895.3
1,2,275,888.1999999999999
1,2,276,892.8000000000001
1,2,277,892.6999999999999
1,2,278,892.8000000000001
1,2,279,886.1
1,2,280,890.7
1,2,281,892.2
1,2,282,885.2
1,2,283,888.1999999999999
1,2,284,893.9
1,2,285,888.7
1,2,286,886.1
1,2,287,899.8
1,2,288,893.6
1,2,289,887.3
1,2,290,895.7
1,2,291,900.4
1,2,292,894.9999999999999
1,2,293,891.3000000000001
1,2,294,903.7
1,2,295,903.8000000000001
1,2,296,886.7
1,2,297,886.9
1,2,298,893.8000000000001
1,2,299,886.1
1,2,300,873.5
1,2,301,879.5999999999999
1,2,302,877.3999999999999
1,2,303,877.6
1,2,304,882.7
1,2,305,884.0
1,2,306,887.7
1,3,307,880.1999999999999
1,3,308,885.9
1,3,309,888.0000000000001
1,3,310,878.4000000000001
1,3,311,885.5
1,3,312,886.1
1,3,313,889.8999999999999
1,3,314,885.1000000000001
1,3,315,882.7
1,3,316,893.5
1,3,317,898.4
1,3,318,892.8000000000001
1,3,319,882.7
1,3,320,885.1000000000001
1,3,321,889.4
1,3,322,885.6
1,3,323,880.5
1,3,324,880.1999999999999
1,3,325,879.7
1,3,326,877.5
1,3,327,882.1
1,3,328,881.9000000000001
1,3,329,882.1
1,3,330,880.1999999999999
1,3,331,876.5
1,3,332,876.2
1,3,333,879.8
1,3,334,882.4
1,3,335,882.0
1,3,336,881.1
1,3,337,878.3
1,3,338,874.6
1,3,339,875.4
1,3,340,878.5999999999999
1,3,341,876.3
1,3,342,875.6999999999999
1,3,343,874.9000000000001
1,3,344,875.8
1,3,345,876.6
1,3,346,876.3
1,3,347,877.9
1,3,348,875.8
1,3,349,870.4000000000001
1,3,350,868.6999999999999
1,3,351,871.5
1,3,352,873.8
1,3,353,872.5
1,3,354,868.0
1,3,355,868.2
1,3,356,863.4000000000001
1,3,357,863.0000000000001
1,3,358,862.5999999999999
1,3,359,862.3
1,3,360,861.7
1,3,361,857.6
1,3,362,856.9000000000001
1,3,363,858.6999999999999
1,3,364,857.0
1,3,365,853.9999999999999
1,3,366,851.9
1,3,367,851.5
1,3,368,852.0
1,3,369,851.6
1,3,370,850.0999999999999
1,3,371,847.1
1,3,372,851.2
1,3,373,849.9000000000001
1,3,374,844.8000000000001
1,3,375,843.6999999999999
1,3,376,841.0999999999999
1,3,377,839.7
1,3,378,837.8
1,3,379,838.9
1,3,380,836.5
1,3,381,833.8
1,3,382,834.0
1,3,383,835.9
1,3,384,832.1999999999999
1,3,385,832.1999999999999
1,3,386,831.4
1,3,387,823.1999999999999
1,3,388,820.8000000000001
1,3,389,826.5
1,3,390,823.1
1,3,391,826.6999999999999
1,3,392,823.8
1,3,393,818.0999999999999
1,3,394,816.9000000000001
1,3,395,820.4000000000001
1,3,396,816.0
1,3,397,811.7
1,3,398,819.5
1,3,399,818.2
1,3,400,814.8999999999999
1,3,401,806.0
1,3,402,813.9
1,3,403,807.1999999999999
1,3,404,809.4
1,3,405,829.4000000000001
1,3,406,805.7
1,3,407,807.1999999999999
1,3,408,804.1999999999999
1,3,409,812.9
1,3,410,802.9999999999999
1,3,411,815.0
1,3,412,803.5999999999999
1,3,413,804.9
1,3,414,803.8000000000001
1,3,415,806.5
1,3,416,799.0
1,3,417,806.3000000000001
1,3,418,803.5
1,3,419,810.0
1,3,420,807.1999999999999
1,3,421,807.4999999999999
1,3,422,803.5999999999999
1,3,423,803.8000000000001
1,3,424,807.3000000000001
1,3,425,796.8
1,3,426,807.4
1,3,427,802.2
1,3,428,794.6
1,3,429,801.9
1,3,430,803.8000000000001
1,3,431,796.0
1,3,432,807.1999999999999
1,3,433,801.6
1,3,434,796.4000000000001
1,3,435,798.5
1,3,436,798.5
1,3,437,799.0
1,3,438,807.9000000000001
1,3,439,792.5
1,3,440,801.5
1,3,441,811.9999999999999
1,3,442,804.4000000000001
1,3,443,801.6999999999999
1,3,444,813.4000000000001
1,3,445,794.6
1,3,446,799.7
1,3,447,812.7
1,3,448,799.6
1,3,449,805.3000000000001
1,3,450,799.2
1,3,451,795.0999999999999
1,3,452,808.0
1,3,453,804.1999999999999
1,3,454,800.4
1,3,455,799.7
1,3,456,799.8000000000001
1,3,457,810.3
1,3,458,802.3999999999999
1,3,459,802.6999999999999
1,3,460,807.3000000000001
2,0,461,801.5
2,0,462,800.6
2,0,463,796.3
2,0,464,806.3000000000001
2,0,465,809.9
2,0,466,802.8000000000001
2,0,467,808.0
2,0,468,816.9000000000001
2,0,469,806.7
2,0,470,806.6
2,0,471,802.9999999999999
2,0,472,805.5
2,0,473,811.5
2,0,474,805.3000000000001
2,0,475,809.2
2,0,476,814.8999999999999
2,0,477,808.6
2,0,478,811.0
2,0,479,813.1742418426105
2,0,480,799.5
2,0,481,808.0
2,0,482,808.0
2,0,483,807.8
2,0,484,808.0999999999999
2,0,485,808.6999999999999
2,0,486,809.5000000000001
2,0,487,813.3
2,0,488,812.5999999999999
2,0,489,814.4
2,0,490,811.4000000000001
2,0,491,810.3999999999999
2,0,492,813.1
2,0,493,810.0
2,0,494,815.0
2,0,495,814.7
2,0,496,816.2
2,0,497,814.0
2,0,498,813.8
2,0,499,814.3000000000001
2,0,500,813.3
2,0,501,810.3
2,0,502,817.6
2,0,503,820.3
2,0,504,815.8
2,0,505,814.8
2,0,506,816.3000000000001
2,0,507,818.3
2,0,508,817.6
2,0,509,814.8999999999999
2,0,510,816.8
2,0,511,820.9
2,0,512,816.6
2,0,513,818.5
2,0,514,825.6
2,0,515,823.3000000000001
2,0,516,820.8000000000001
2,0,517,824.7
2,0,518,823.1
2,0,519,821.0000000000001
2,0,520,820.7
2,0,521,820.9
2,0,522,821.3
2,0,523,824.0999999999999
2,0,524,822.3000000000001
2,0,525,824.0999999999999
2,0,526,824.0
2,0,527,824.0
2,0,528,824.0
2,0,529,823.4
2,0,530,823.7
2,0,531,823.8
2,0,532,825.2
2,0,533,825.6999999999999
2,0,534,825.6999999999999
2,0,535,824.7
2,0,536,824.8
2,0,537,824.9000000000001
2,0,538,825.2
2,0,539,825.8
2,0,540,826.4
2,0,541,826.3
2,0,542,826.8000000000001
2,0,543,826.6999999999999
2,0,544,826.5
2,0,545,826.6999999999999
2,0,546,827.9
2,0,547,827.1000000000001
2,0,548,827.3999999999999
2,0,549,827.8000000000001
2,0,550,828.9999999999999
2,0,551,831.8
2,0,552,828.5
2,0,553,831.4
2,0,554,831.8
2,0,555,831.7
2,0,556,831.7
2,0,557,832.1999999999999
2,0,558,831.9000000000001
2,0,559,831.8
2,0,560,832.1
2,0,561,831.9000000000001
2,0,562,831.1
2,0,563,829.7
2,0,564,829.7
2,0,565,831.6
2,0,566,832.4999999999999
2,0,567,833.0999999999999
2,0,568,833.4
2,0,569,833.2
2,0,570,833.6999999999999
2,0,571,833.2
2,0,572,832.6
2,0,573,833.0
2,0,574,832.4999999999999
2,0,575,831.8
2,0,576,830.5999999999999
2,0,577,830.7
2,0,578,830.8
2,0,579,830.9
2,0,580,830.9
2,0,581,830.5999999999999
2,0,582,830.5999999999999
2,0,583,829.5999999999999
2,0,584,829.1999999999999
2,0,585,829.1999999999999
2,0,586,828.3
2,0,587,828.4000000000001
2,0,588,827.6999999999999
2,0,589,828.2
2,0,590,827.8000000000001
2,0,591,827.9999999999999
2,0,592,827.8000000000001
2,0,593,827.5
2,0,594,827.3999999999999
2,0,595,827.9999999999999
2,0,596,828.2
2,0,597,827.9999999999999
2,0,598,827.5
2,0,599,827.3
2,0,600,827.6
2,0,601,826.9
2,0,602,826.0999999999999
2,0,603,825.5000000000001
2,0,604,824.6
2,0,605,824.3000000000001
2,0,606,823.1999999999999
2,0,607,823.4
2,0,608,823.1
2,0,609,822.1999999999999
2,0,610,820.8000000000001
2,0,611,819.6999999999999
2,0,612,819.1
2,0,613,818.4
2,0,614,818.0999999999999
2,0,615,817.6999999999999
2,0,616,816.9000000000001
2,0,617,815.6
2,0,618,815.4
2,0,619,814.8999999999999
2,0,620,813.9
2,0,621,812.7
2,0,622,810.8000000000001
2,0,623,810.3
2,0,624,809.5000000000001
2,0,625,809.4
2,0,626,808.4
2,0,627,807.7
2,0,628,806.1
2,0,629,806.5
2,0,630,805.1999999999999
2,0,631,804.1999999999999
2,0,632,802.6999999999999
2,0,633,801.8000000000001
2,0,634,800.5000000000001
2,0,635,800.0999999999999
2,0,636,813.3
2,0,637,813.1742418426105
2,0,638,794.0
2,0,639,796.1
2,0,640,794.1
2,0,641,792.9
2,0,642,792.0
2,0,643,791.3000000000001
2,0,644,790.7
2,0,645,790.0
2,0,646,788.0
2,0,647,786.0
2,0,648,783.9000000000001
2,0,649,782.5
2,0,650,782.1
2,0,651,781.0
2,0,652,780.4
2,0,653,779.6999999999999
2,1,654,779.3000000000001
2,1,655,777.9
2,1,656,775.9000000000001
2,1,657,774.6
2,1,658,773.9
2,1,659,772.5
2,1,660,770.6999999999999
2,1,661,769.5
2,1,662,769.4
2,1,663,767.6
2,1,664,766.0999999999999
2,1,665,766.0999999999999
2,1,666,765.4
2,1,667,764.1
2,1,668,762.6999999999999
2,1,669,762.2
2,1,670,761.1
2,1,671,760.2
2,1,672,758.9000000000001
2,1,673,757.7
2,1,674,756.1
2,1,675,754.9000000000001
2,1,676,754.3000000000001
2,1,677,754.1
2,1,678,752.2
2,1,679,750.6
2,1,680,750.1
2,1,681,749.0
2,1,682,747.2
2,1,683,746.6999999999999
2,1,684,745.8000000000001
2,1,685,744.7
2,1,686,743.4
2,1,687,741.4
2,1,688,740.6
2,1,689,739.4
2,1,690,738.6
2,1,691,737.8
2,1,692,736.4
2,1,693,735.2
2,1,694,734.1999999999999
2,1,695,732.4
2,1,696,731.2
2,1,697,730.4
2,1,698,729.6999999999999
2,1,699,728.5999999999999
2,1,700,726.5
2,1,701,725.6
2,1,702,724.4
2,1,703,724.0999999999999
2,1,704,723.0
2,1,705,721.1
2,1,706,720.9
2,1,707,719.7
2,1,708,719.1
2,1,709,717.6
2,1,710,716.4
2,1,711,714.2
2,1,712,713.6999999999999
2,1,713,712.9
2,1,714,711.9
2,1,715,711.5999999999999
2,1,716,709.9
2,1,717,709.1
2,1,718,707.5
2,1,719,707.7
2,1,720,706.9
2,1,721,704.6999999999999
2,1,722,703.9
2,1,723,702.6
2,1,724,702.1
2,1,725,701.1
2,1,726,700.6
2,1,727,700.4
2,1,728,699.5
2,1,729,699.7
2,1,730,698.2
2,1,731,696.9
2,1,732,696.4000000000001
2,1,733,695.9
2,1,734,695.2
2,1,735,694.2
2,1,736,694.1
2,1,737,694.1
2,1,738,693.4
2,1,739,693.4
2,1,740,691.0
2,1,741,690.1
2,1,742,689.8
2,1,743,689.2
2,1,744,689.2
2,1,745,687.6999999999999
2,1,746,686.7
2,1,747,686.0
2,1,748,685.8
2,1,749,686.9
2,1,750,686.2
2,1,751,685.8
2,1,752,685.7
2,1,753,685.2
2,1,754,686.2
2,1,755,686.2
2,1,756,685.2
2,1,757,685.9
2,1,758,685.9
2,1,759,685.1
2,1,760,684.6
2,1,761,684.4
2,1,762,684.0
2,1,763,683.6999999999999
2,1,764,683.6
2,1,765,683.3000000000001
2,1,766,682.1
2,1,767,680.4
2,1,768,680.4
2,1,769,681.7
2,1,770,681.9
2,1,771,681.7
2,1,772,680.8
2,1,773,682.5999999999999
2,1,774,683.1
2,1,775,682.9
2,1,776,682.4
2,1,777,682.4
2,1,778,681.6
2,1,779,680.9
2,1,780,681.4
2,1,781,681.3
2,1,782,681.6
2,1,783,681.4
2,1,784,681.4
2,1,785,682.1
2,1,786,682.4
2,1,787,682.7
2,1,788,683.1
2,1,789,685.1
2,1,790,683.1999999999999
2,1,791,683.6999999999999
2,1,792,684.8
2,1,793,684.8
2,1,794,684.1999999999999
2,1,795,684.1999999999999
2,1,796,685.7
2,1,797,685.1
2,1,798,685.4
2,1,799,686.9
2,1,800,687.2
2,1,801,687.6999999999999
2,1,802,686.5999999999999
2,1,803,688.1
2,1,804,689.9
2,1,805,691.6
2,1,806,691.2
2,1,807,692.6
2,1,808,692.1
2,1,809,690.3
2,1,810,691.2
2,1,811,692.5
2,1,812,692.6
2,1,813,693.9
2,1,814,695.6
2,1,815,697.0
2,1,816,699.5
2,1,817,699.2
2,1,818,698.7
2,1,819,699.8000000000001
2,1,820,698.8000000000001
2,1,821,700.3
2,1,822,707.4
2,1,823,710.6
2,1,824,709.6
2,1,825,701.0
2,1,826,705.6
2,1,827,710.9
2,1,828,707.9
2,1,829,708.4
2,1,830,711.9
2,1,831,712.8
2,1,832,712.6999999999999
2,2,833,714.9
2,2,834,718.1
2,2,835,716.8000000000001
2,2,836,723.6
2,2,837,813.1742418426105
2,2,838,714.2
2,2,839,721.1
2,2,840,721.4000000000001
2,2,841,720.0
2,2,842,813.1742418426105
2,2,843,813.1742418426105
2,2,844,813.1742418426105
2,2,845,813.1742418426105
2,2,846,813.1742418426105
2,2,847,813.1742418426105
2,2,848,813.1742418426105
2,2,849,813.1742418426105
2,2,850,813.1742418426105
2,2,851,736.2
2,2,852,736.4
2,2,853,719.4
2,2,854,742.8
2,2,855,727.9
2,2,856,813.1742418426105
2,2,857,753.4
2,2,858,813.1742418426105
2,2,859,813.1742418426105
2,2,860,744.9
2,2,861,813.1742418426105
2,2,862,813.1742418426105
2,2,863,813.1742418426105
2,2,864,813.1742418426105
2,2,865,813.1742418426105
2,2,866,813.1742418426105
2,2,867,813.1742418426105
2,2,868,813.1742418426105
2,2,869,813.1742418426105
2,2,870,772.5
2,2,871,813.1742418426105
2,2,872,813.1742418426105
2,2,873,813.1742418426105
2,2,874,813.1742418426105
2,2,875,813.1742418426105
2,2,876,813.1742418426105
2,2,877,813.1742418426105
2,2,878,813.1742418426105
2,2,879,813.1742418426105
2,2,880,813.1742418426105
2,2,881,813.1742418426105
2,2,882,813.1742418426105
2,2,883,813.1742418426105
2,2,884,813.1742418426105
2,2,885,813.1742418426105
2,2,886,813.1742418426105
2,2,887,813.1742418426105
2,2,888,801.6
2,2,889,813.1742418426105
2,2,890,830.5999999999999
2,2,891,813.1742418426105
2,2,892,817.0
2,2,893,813.1742418426105
2,2,894,813.1742418426105
2,2,895,813.1742418426105
2,2,896,831.3000000000001
2,2,897,818.5
2,2,898,813.1742418426105
2,2,899,813.1742418426105
2,2,900,813.1742418426105
2,2,901,831.3000000000001
2,2,902,813.1742418426105
2,2,903,813.1742418426105
2,2,904,813.1742418426105
2,2,905,813.1742418426105
2,2,906,813.1742418426105
2,2,907,813.1742418426105
2,2,908,813.1742418426105
2,2,909,813.1742418426105
2,2,910,813.1742418426105
2,2,911,813.1742418426105
2,2,912,813.1742418426105
2,2,913,852.9999999999999
2,2,914,840.1999999999999
2,2,915,851.8000000000001
2,2,916,855.1
2,2,917,836.9999999999999
2,2,918,860.3999999999999
2,2,919,855.0000000000001
2,2,920,878.8000000000001
2,2,921,859.0999999999999
2,2,922,884.6999999999999
2,2,923,871.4000000000001
2,2,924,813.1742418426105
2,2,925,813.1742418426105
2,2,926,813.1742418426105
2,2,927,813.1742418426105
2,2,928,813.1742418426105
2,2,929,813.1742418426105
2,2,930,813.1742418426105
2,2,931,813.1742418426105
2,2,932,813.1742418426105
2,2,933,813.1742418426105
2,2,934,813.1742418426105
2,2,935,813.1742418426105
2,2,936,813.1742418426105
2,2,937,813.1742418426105
2,2,938,813.1742418426105
2,2,939,813.1742418426105
2,2,940,813.1742418426105
2,2,941,813.1742418426105
2,2,942,813.1742418426105
2,2,943,813.1742418426105
2,2,944,813.1742418426105
2,2,945,813.1742418426105
2,2,946,813.1742418426105
2,2,947,813.1742418426105
2,2,948,813.1742418426105
2,2,949,813.1742418426105
2,2,950,813.1742418426105
2,2,951,813.1742418426105
2,2,952,813.1742418426105
2,2,953,813.1742418426105
2,2,954,813.1742418426105
2,2,955,813.1742418426105
2,2,956,813.1742418426105
2,2,957,813.1742418426105
2,2,958,813.1742418426105
2,2,959,813.1742418426105
2,2,960,813.1742418426105
2,2,961,813.1742418426105
2,2,962,813.1742418426105
2,2,963,813.1742418426105
2,2,964,813.1742418426105
2,2,965,813.1742418426105
2,2,966,813.1742418426105
2,2,967,813.1742418426105
2,2,968,891.4
2,2,969,898.3000000000001
2,2,970,871.5
2,2,971,896.8
2,2,972,813.1742418426105
2,2,973,813.1742418426105
2,2,974,813.1742418426105
2,3,975,813.1742418426105
2,3,976,813.1742418426105
2,3,977,813.1742418426105
2,3,978,813.1742418426105
2,3,979,813.1742418426105
2,3,980,813.1742418426105
2,3,981,813.1742418426105
2,3,982,813.1742418426105
2,3,983,813.1742418426105
2,3,984,813.1742418426105
2,3,985,813.1742418426105
2,3,986,813.1742418426105
2,3,987,813.1742418426105
2,3,988,813.1742418426105
2,3,989,813.1742418426105
2,3,990,813.1742418426105
2,3,991,813.1742418426105
2,3,992,813.1742418426105
2,3,993,813.1742418426105
2,3,994,813.1742418426105
2,3,995,813.1742418426105
2,3,996,813.1742418426105
2,3,997,813.1742418426105
2,3,998,813.1742418426105
2,3,999,813.1742418426105
2,3,1000,813.1742418426105
2,3,1001,813.1742418426105
2,3,1002,813.1742418426105
2,3,1003,813.1742418426105
2,3,1004,813.1742418426105
2,3,1005,813.1742418426105
2,3,1006,813.1742418426105
2,3,1007,813.1742418426105
2,3,1008,852.3999999999999
2,3,1009,854.1
2,3,1010,848.8
2,3,1011,859.2
2,3,1012,847.1999999999999
2,3,1013,846.3
2,3,1014,864.1999999999999
2,3,1015,846.7
2,3,1016,852.1000000000001
2,3,1017,848.6
2,3,1018,848.5
2,3,1019,844.9999999999999
2,3,1020,837.5999999999999
2,3,1021,864.3000000000001
2,3,1022,813.1742418426105
2,3,1023,813.1742418426105
2,3,1024,813.1742418426105
2,3,1025,813.1742418426105
2,3,1026,813.1742418426105
2,3,1027,813.1742418426105
2,3,1028,813.1742418426105
2,3,1029,813.1742418426105
2,3,1030,813.1742418426105
2,3,1031,847.3000000000001
2,3,1032,813.1742418426105
2,3,1033,813.1742418426105
2,3,1034,813.1742418426105
2,3,1035,813.1742418426105
2,3,1036,813.1742418426105
2,3,1037,813.1742418426105
2,3,1038,822.8999999999999
2,3,1039,813.1742418426105
2,3,1040,813.1742418426105
2,3,1041,813.1742418426105
2,3,1042,813.1742418426105
2,3,1043,813.1742418426105
2,3,1044,813.1742418426105
2,3,1045,813.3
2,3,1046,813.1742418426105
2,3,1047,813.1742418426105
2,3,1048,813.1742418426105
2,3,1049,813.1742418426105
2,3,1050,813.1742418426105
2,3,1051,813.1742418426105
2,3,1052,813.1742418426105
2,3,1053,813.1742418426105
2,3,1054,813.1742418426105
2,3,1055,813.1742418426105
2,3,1056,813.1742418426105
2,3,1057,813.1742418426105
2,3,1058,813.1742418426105
2,3,1059,813.1742418426105
2,3,1060,813.1742418426105
2,3,1061,840.4999999999999
2,3,1062,813.1742418426105
2,3,1063,813.1742418426105
2,3,1064,813.1742418426105
2,3,1065,813.1742418426105
2,3,1066,813.1742418426105
2,3,1067,813.1742418426105
2,3,1068,796.1999999999999
2,3,1069,797.1
2,3,1070,828.5
2,3,1071,795.9
2,3,1072,829.5
2,3,1073,815.4999999999999
2,3,1074,808.8
2,3,1075,848.7
2,3,1076,813.1742418426105
2,3,1077,813.1742418426105
2,3,1078,813.1742418426105
2,3,1079,813.1742418426105
2,3,1080,813.1742418426105
2,3,1081,813.1742418426105
2,3,1082,813.1742418426105
2,3,1083,813.1742418426105
2,3,1084,813.1742418426105
2,3,1085,813.1742418426105
2,3,1086,813.1742418426105
2,3,1087,813.1742418426105
2,3,1088,813.1742418426105
2,3,1089,813.1742418426105
2,3,1090,813.1742418426105
2,3,1091,813.1742418426105
2,3,1092,813.1742418426105
2,3,1093,813.1742418426105
2,3,1094,813.1742418426105
2,3,1095,813.1742418426105
2,3,1096,813.1742418426105
2,3,1097,813.1742418426105
2,3,1098,813.1742418426105
2,3,1099,813.1742418426105
2,3,1100,813.1742418426105
2,3,1101,813.1742418426105
2,3,1102,813.1742418426105
2,3,1103,813.1742418426105
2,3,1104,813.1742418426105
2,3,1105,813.1742418426105
2,3,1106,813.1742418426105
2,3,1107,813.1742418426105
2,3,1108,813.1742418426105
2,3,1109,813.1742418426105
2,3,1110,813.1742418426105
2,3,1111,813.1742418426105
2,3,1112,813.1742418426105
2,3,1113,813.1742418426105
2,3,1114,813.1742418426105
2,3,1115,813.1742418426105
2,3,1116,813.1742418426105
2,3,1117,813.1742418426105
2,3,1118,813.1742418426105
2,3,1119,813.1742418426105
2,3,1120,813.1742418426105
2,3,1121,813.1742418426105
2,3,1122,813.1742418426105
2,3,1123,813.1742418426105
2,3,1124,813.1742418426105
2,3,1125,813.1742418426105
2,3,1126,813.1742418426105
2,3,1127,786.3000000000001
2,3,1128,799.5
2,3,1129,795.0
3,0,1130,790.2
3,0,1131,797.9
3,0,1132,799.0999999999999
3,0,1133,812.8
3,0,1134,809.0
3,0,1135,810.3999999999999
3,0,1136,813.1742418426105
3,0,1137,813.1742418426105
3,0,1138,813.1742418426105
3,0,1139,813.1742418426105
3,0,1140,813.1742418426105
3,0,1141,813.1742418426105
3,0,1142,797.4
3,0,1143,802.0
3,0,1144,806.3000000000001
3,0,1145,808.6
3,0,1146,804.1999999999999
3,0,1147,803.3
3,0,1148,813.8
3,0,1149,807.7
3,0,1150,804.5999999999999
3,0,1151,806.0
3,0,1152,804.5999999999999
3,0,1153,803.4000000000001
3,0,1154,812.7
3,0,1155,808.8
3,0,1156,806.3000000000001
3,0,1157,813.8
3,0,1158,809.0999999999999
3,0,1159,808.8
3,0,1160,814.1999999999999
3,0,1161,813.0000000000001
3,0,1162,814.1999999999999
3,0,1163,814.1999999999999
3,0,1164,811.9999999999999
3,0,1165,812.7
3,0,1166,815.1
3,0,1167,814.7
3,0,1168,811.5999999999999
3,0,1169,816.2
3,0,1170,815.4
3,0,1171,814.1999999999999
3,0,1172,813.7
3,0,1173,818.9
3,0,1174,815.8
3,0,1175,814.0
3,0,1176,816.6999999999999
3,0,1177,814.5
3,0,1178,814.1999999999999
3,0,1179,822.7
3,0,1180,813.1742418426105
3,0,1181,813.1742418426105
3,0,1182,813.1742418426105
3,0,1183,813.1742418426105
3,0,1184,813.1742418426105
3,0,1185,813.1742418426105
3,0,1186,815.1999999999999
3,0,1187,820.1
3,0,1188,819.3
3,0,1189,821.8
3,0,1190,825.3
3,0,1191,822.4
3,0,1192,821.1999999999999
3,0,1193,820.8000000000001
3,0,1194,823.3000000000001
3,0,1195,824.9000000000001
3,0,1196,823.1999999999999
3,0,1197,820.8000000000001
3,0,1198,823.3000000000001
3,0,1199,825.3
3,0,1200,824.9000000000001
3,0,1201,829.8
3,0,1202,813.1742418426105
3,0,1203,813.1742418426105
3,0,1204,813.1742418426105
3,0,1205,813.1742418426105
3,0,1206,813.1742418426105
3,0,1207,813.1742418426105
3,0,1208,813.1742418426105
3,0,1209,817.9
3,0,1210,827.2
3,0,1211,828.3
3,0,1212,827.9
3,0,1213,828.3
3,0,1214,827.5
3,0,1215,826.4
3,0,1216,825.6999999999999
3,0,1217,826.4
3,0,1218,826.3
3,0,1219,826.5
3,0,1220,826.4
3,0,1221,826.6999999999999
3,0,1222,813.1742418426105
3,0,1223,821.0000000000001
3,0,1224,833.5000000000001
3,0,1225,832.1
3,0,1226,834.8000000000001
3,0,1227,826.0999999999999
3,0,1228,832.3000000000001
3,0,1229,813.1742418426105
3,0,1230,824.4
3,0,1231,832.4
3,0,1232,833.5000000000001
3,0,1233,832.7
3,0,1234,832.7
3,0,1235,831.4
3,0,1236,831.1
3,0,1237,831.6
3,0,1238,836.5999999999999
3,0,1239,813.1742418426105
3,0,1240,813.1742418426105
3,0,1241,813.1742418426105
3,0,1242,813.1742418426105
3,0,1243,813.1742418426105
3,0,1244,813.1742418426105
3,0,1245,813.1742418426105
3,0,1246,825.3
3,0,1247,832.0
3,0,1248,833.5000000000001
3,0,1249,833.0999999999999
3,0,1250,832.0
3,0,1251,830.9
3,0,1252,830.9
3,0,1253,830.9
3,0,1254,830.1
3,0,1255,831.3000000000001
3,0,1256,830.9
3,0,1257,830.5
3,0,1258,830.1
3,0,1259,830.9
3,0,1260,830.1
3,0,1261,829.4000000000001
3,0,1262,828.1
3,0,1263,827.1000000000001
3,0,1264,828.3
3,0,1265,828.5999999999999
3,0,1266,827.9
3,0,1267,826.6
3,0,1268,825.9000000000001
3,0,1269,826.0
3,0,1270,827.0
3,0,1271,825.4
3,0,1272,824.2
3,0,1273,824.7
3,0,1274,823.0
3,0,1275,822.7
3,0,1276,823.8
3,0,1277,820.8000000000001
3,0,1278,820.4000000000001
3,0,1279,819.6999999999999
3,0,1280,820.8000000000001
3,0,1281,818.9
3,0,1282,818.2
3,0,1283,821.4000000000001
3,0,1284,813.1742418426105
3,0,1285,813.1742418426105
3,0,1286,813.1742418426105
3,0,1287,813.1742418426105
3,0,1288,813.1742418426105
3,0,1289,813.1742418426105
3,0,1290,809.0
3,0,1291,812.3
3,0,1292,811.5
3,0,1293,811.5
3,0,1294,810.3999999999999
3,0,1295,808.6999999999999
3,0,1296,806.7
3,0,1297,806.4
3,0,1298,805.7
3,0,1299,805.5999999999999
3,0,1300,805.7
3,0,1301,802.6999999999999
3,0,1302,802.3999999999999
3,0,1303,800.6999999999999
3,0,1304,799.0999999999999
3,0,1305,798.0
3,0,1306,797.8
3,0,1307,797.3
3,0,1308,797.0
3,0,1309,794.8000000000001
3,0,1310,793.5
3,0,1311,792.4000000000001
3,0,1312,791.6999999999999
3,0,1313,790.7
3,0,1314,789.9
3,0,1315,789.2
3,0,1316,787.4
3,0,1317,785.9
3,0,1318,782.0
3,0,1319,784.9
3,0,1320,783.6
3,0,1321,782.1
3,0,1322,781.0
3,1,1323,780.7
3,1,1324,780.7
3,1,1325,779.3000000000001
3,1,1326,776.8
3,1,1327,776.5
3,1,1328,775.4
3,1,1329,774.8000000000001
3,1,1330,773.2
3,1,1331,771.8
3,1,1332,771.5
3,1,1333,770.4
3,1,1334,768.0
3,1,1335,767.6
3,1,1336,766.3000000000001
3,1,1337,764.4
3,1,1338,763.6999999999999
3,1,1339,763.0
3,1,1340,760.5
3,1,1341,763.9
3,1,1342,813.1742418426105
3,1,1343,813.1742418426105
3,1,1344,813.1742418426105
3,1,1345,813.1742418426105
3,1,1346,813.1742418426105
3,1,1347,813.1742418426105
3,1,1348,813.1742418426105
3,1,1349,813.1742418426105
3,1,1350,813.1742418426105
3,1,1351,813.1742418426105
3,1,1352,813.1742418426105
3,1,1353,813.1742418426105
3,1,1354,813.1742418426105
3,1,1355,813.1742418426105
3,1,1356,813.1742418426105
3,1,1357,738.4000000000001
3,1,1358,740.3
3,1,1359,739.6
3,1,1360,739.2
3,1,1361,737.5
3,1,1362,735.7
3,1,1363,732.9
3,1,1364,733.1999999999999
3,1,1365,732.7
3,1,1366,731.3
3,1,1367,731.1
3,1,1368,729.0
3,1,1369,729.0
3,1,1370,727.7
3,1,1371,726.9
3,1,1372,725.1
3,1,1373,723.8000000000001
3,1,1374,723.3
3,1,1375,722.2
3,1,1376,721.1999999999999
3,1,1377,720.5
3,1,1378,719.8000000000001
3,1,1379,718.8
3,1,1380,716.2
3,1,1381,715.2
3,1,1382,715.5
3,1,1383,713.1999999999999
3,1,1384,713.6999999999999
3,1,1385,712.6999999999999
3,1,1386,712.0
3,1,1387,710.9
3,1,1388,709.5
3,1,1389,708.8
3,1,1390,707.1
3,1,1391,706.5
3,1,1392,706.4
3,1,1393,704.9000000000001
3,1,1394,704.5
3,1,1395,703.8000000000001
3,1,1396,702.8
3,1,1397,702.7
3,1,1398,702.0
3,1,1399,700.3
3,1,1400,699.9
3,1,1401,698.7
3,1,1402,698.5
3,1,1403,697.4
3,1,1404,697.1
3,1,1405,695.6999999999999
3,1,1406,693.9
3,1,1407,694.6
3,1,1408,694.3
3,1,1409,693.2
3,1,1410,693.5
3,1,1411,693.9
3,1,1412,691.2
3,1,1413,691.0999999999999
3,1,1414,689.7
3,1,1415,696.0
3,1,1416,813.1742418426105
3,1,1417,813.1742418426105
3,1,1418,813.1742418426105
3,1,1419,813.1742418426105
3,1,1420,813.1742418426105
3,1,1421,813.1742418426105
3,1,1422,813.1742418426105
3,1,1423,682.1
3,1,1424,687.0
3,1,1425,688.6
3,1,1426,686.5999999999999
3,1,1427,685.4
3,1,1428,685.6
3,1,1429,689.3
3,1,1430,813.1742418426105
3,1,1431,680.8
3,1,1432,688.1999999999999
3,1,1433,687.2
3,1,1434,687.2
3,1,1435,685.8
3,1,1436,685.0
3,1,1437,687.6999999999999
3,1,1438,813.1742418426105
3,1,1439,685.4
3,1,1440,813.1742418426105
3,1,1441,813.1742418426105
3,1,1442,685.2
3,1,1443,676.9
3,1,1444,813.1742418426105
3,1,1445,684.6
3,1,1446,813.1742418426105
3,1,1447,813.1742418426105
3,1,1448,813.1742418426105
3,1,1449,813.1742418426105
3,1,1450,813.1742418426105
3,1,1451,813.1742418426105
3,1,1452,813.1742418426105
3,1,1453,813.1742418426105
3,1,1454,813.1742418426105
3,1,1455,813.1742418426105
3,1,1456,813.1742418426105
3,1,1457,813.1742418426105
3,1,1458,813.1742418426105
3,1,1459,813.1742418426105
3,1,1460,680.6
3,1,1461,685.4
3,1,1462,686.3000000000001
3,1,1463,685.8
3,1,1464,686.1
3,1,1465,686.8000000000001
3,1,1466,688.1999999999999
3,1,1467,688.5
3,1,1468,692.5
3,1,1469,813.1742418426105
3,1,1470,813.1742418426105
3,1,1471,813.1742418426105
3,1,1472,813.1742418426105
3,1,1473,813.1742418426105
3,1,1474,813.1742418426105
3,1,1475,813.1742418426105
3,1,1476,813.1742418426105
3,1,1477,813.1742418426105
3,1,1478,813.1742418426105
3,1,1479,813.1742418426105
3,1,1480,813.1742418426105
3,1,1481,813.1742418426105
3,1,1482,693.9
3,1,1483,813.1742418426105
3,1,1484,813.1742418426105
3,1,1485,813.1742418426105
3,1,1486,813.1742418426105
3,1,1487,813.1742418426105
3,1,1488,813.1742418426105
3,1,1489,697.0
3,1,1490,703.3000000000001
3,1,1491,704.9000000000001
3,1,1492,707.0
3,1,1493,707.4
3,1,1494,709.7
3,1,1495,711.5999999999999
3,1,1496,712.6999999999999
3,1,1497,718.4
3,1,1498,813.1742418426105
3,1,1499,813.1742418426105
3,1,1500,813.1742418426105
3,2,1501,813.1742418426105
3,2,1502,813.1742418426105
3,2,1503,813.1742418426105
3,2,1504,813.1742418426105
3,2,1505,813.1742418426105
3,2,1506,813.1742418426105
3,2,1507,813.1742418426105
3,2,1508,813.1742418426105
3,2,1509,813.1742418426105
3,2,1510,813.1742418426105
3,2,1511,813.1742418426105
3,2,1512,813.1742418426105
3,2,1513,813.1742418426105
3,2,1514,813.1742418426105
3,2,1515,813.1742418426105
3,2,1516,813.1742418426105
3,2,1517,813.1742418426105
3,2,1518,813.1742418426105
3,2,1519,731.6
3,2,1520,736.5
3,2,1521,740.2
3,2,1522,743.8
3,2,1523,741.4
3,2,1524,745.6999999999999
3,2,1525,813.1742418426105
3,2,1526,746.3
3,2,1527,813.1742418426105
3,2,1528,813.1742418426105
3,2,1529,813.1742418426105
3,2,1530,813.1742418426105
3,2,1531,813.1742418426105
3,2,1532,813.1742418426105
3,2,1533,813.1742418426105
3,2,1534,813.1742418426105
3,2,1535,813.1742418426105
3,2,1536,813.1742418426105
3,2,1537,813.1742418426105
3,2,1538,813.1742418426105
3,2,1539,813.1742418426105
3,2,1540,813.1742418426105
3,2,1541,813.1742418426105
3,2,1542,761.4
3,2,1543,774.7
3,2,1544,774.7
3,2,1545,772.1
3,2,1546,784.1999999999999
3,2,1547,782.9
3,2,1548,791.6999999999999
3,2,1549,794.0
3,2,1550,813.1742418426105
3,2,1551,813.1742418426105
3,2,1552,813.1742418426105
3,2,1553,813.1742418426105
3,2,1554,813.1742418426105
3,2,1555,813.1742418426105
3,2,1556,788.9
3,2,1557,802.3
3,2,1558,809.0
3,2,1559,802.6999999999999
3,2,1560,805.1999999999999
3,2,1561,801.9
3,2,1562,813.1742418426105
3,2,1563,815.0
3,2,1564,811.9
3,2,1565,828.7
3,2,1566,822.6000000000001
3,2,1567,841.9000000000001
3,2,1568,821.1999999999999
3,2,1569,854.1
3,2,1570,839.8
3,2,1571,841.0999999999999
3,2,1572,813.1742418426105
3,2,1573,813.1742418426105
3,2,1574,813.1742418426105
3,2,1575,813.1742418426105
3,2,1576,813.1742418426105
3,2,1577,813.1742418426105
3,2,1578,813.1742418426105
3,2,1579,813.1742418426105
3,2,1580,813.1742418426105
3,2,1581,844.4000000000001
3,2,1582,845.5999999999999
3,2,1583,853.3
3,2,1584,860.1000000000001
3,2,1585,870.1
3,2,1586,849.2
3,2,1587,813.1742418426105
3,2,1588,813.1742418426105
3,2,1589,813.1742418426105
3,2,1590,813.1742418426105
3,2,1591,813.1742418426105
3,2,1592,813.1742418426105
3,2,1593,866.0
3,2,1594,875.6
3,2,1595,872.4
3,2,1596,864.6000000000001
3,2,1597,875.0999999999999
3,2,1598,879.1999999999999
3,2,1599,886.8000000000001
3,2,1600,878.7
3,2,1601,880.8
3,2,1602,876.9
3,2,1603,879.5
3,2,1604,885.5
3,2,1605,881.9000000000001
3,2,1606,889.7
3,2,1607,880.7
3,2,1608,894.0
3,2,1609,813.1742418426105
3,2,1610,813.1742418426105
3,2,1611,813.1742418426105
3,2,1612,813.1742418426105
3,2,1613,813.1742418426105
3,2,1614,813.1742418426105
3,2,1615,813.1742418426105
3,2,1616,900.2
3,2,1617,905.5
3,2,1618,885.6999999999999
3,2,1619,892.9
3,2,1620,900.6999999999999
3,2,1621,888.1
3,2,1622,889.3000000000001
3,2,1623,897.0000000000001
3,2,1624,898.9000000000001
3,2,1625,886.9999999999999
3,2,1626,888.1999999999999
3,2,1627,896.5
3,2,1628,891.4
3,2,1629,886.1
3,2,1630,896.8
3,2,1631,813.1742418426105
3,2,1632,813.1742418426105
3,2,1633,893.9
3,2,1634,813.1742418426105
3,2,1635,813.1742418426105
3,2,1636,813.1742418426105
3,2,1637,897.1999999999999
3,2,1638,904.5
3,2,1639,890.3000000000001
3,2,1640,893.8000000000001
3,2,1641,895.1
3,2,1642,887.1
3,2,1643,886.4000000000001
3,3,1644,892.3
3,3,1645,893.6
3,3,1646,813.1742418426105
3,3,1647,813.1742418426105
3,3,1648,813.1742418426105
3,3,1649,813.1742418426105
3,3,1650,813.1742418426105
3,3,1651,813.1742418426105
3,3,1652,813.1742418426105
3,3,1653,876.3
3,3,1654,865.6
3,3,1655,875.5000000000001
3,3,1656,877.1000000000001
3,3,1657,876.0
3,3,1658,813.1742418426105
3,3,1659,813.1742418426105
3,3,1660,885.0
3,3,1661,813.1742418426105
3,3,1662,813.1742418426105
3,3,1663,813.1742418426105
3,3,1664,813.1742418426105
3,3,1665,813.1742418426105
3,3,1666,813.1742418426105
3,3,1667,813.1742418426105
3,3,1668,813.1742418426105
3,3,1669,813.1742418426105
3,3,1670,813.1742418426105
3,3,1671,813.1742418426105
3,3,1672,813.1742418426105
3,3,1673,813.1742418426105
3,3,1674,813.1742418426105
3,3,1675,813.1742418426105
3,3,1676,813.1742418426105
3,3,1677,813.1742418426105
3,3,1678,813.1742418426105
3,3,1679,813.1742418426105
3,3,1680,813.1742418426105
3,3,1681,813.1742418426105
3,3,1682,813.1742418426105
3,3,1683,813.1742418426105
3,3,1684,813.1742418426105
3,3,1685,813.1742418426105
3,3,1686,813.1742418426105
3,3,1687,813.1742418426105
3,3,1688,813.1742418426105
3,3,1689,813.1742418426105
3,3,1690,824.8
3,3,1691,841.6
3,3,1692,852.9
3,3,1693,838.7
3,3,1694,853.2
3,3,1695,830.1999999999999
3,3,1696,848.7
3,3,1697,813.1742418426105
3,3,1698,813.1742418426105
3,3,1699,813.1742418426105
3,3,1700,813.1742418426105
3,3,1701,813.1742418426105
3,3,1702,813.1742418426105
3,3,1703,813.1742418426105
3,3,1704,824.6
3,3,1705,828.2
3,3,1706,848.6
3,3,1707,823.7
3,3,1708,849.4
3,3,1709,825.4
3,3,1710,830.1
3,3,1711,843.9
3,3,1712,820.5
3,3,1713,845.3
3,3,1714,813.9
3,3,1715,840.6
3,3,1716,820.5999999999999
3,3,1717,835.9
3,3,1718,826.3
3,3,1719,814.6000000000001
3,3,1720,832.1999999999999
3,3,1721,809.5000000000001
3,3,1722,839.8999999999999
3,3,1723,808.3000000000001
3,3,1724,822.1999999999999
3,3,1725,813.8
3,3,1726,818.0999999999999
3,3,1727,835.9
3,3,1728,808.4
3,3,1729,834.2
3,3,1730,803.5
3,3,1731,825.6999999999999
3,3,1732,814.6000000000001
3,3,1733,808.9000000000001
3,3,1734,847.6000000000001
3,3,1735,813.1742418426105
3,3,1736,813.1742418426105
3,3,1737,813.1742418426105
3,3,1738,813.1742418426105
3,3,1739,813.1742418426105
3,3,1740,813.1742418426105
3,3,1741,796.6999999999999
3,3,1742,805.5999999999999
3,3,1743,826.8000000000001
3,3,1744,800.2
3,3,1745,823.7
3,3,1746,803.5
3,3,1747,803.1
3,3,1748,838.8
3,3,1749,813.1742418426105
3,3,1750,813.1742418426105
3,3,1751,813.1742418426105
3,3,1752,813.1742418426105
3,3,1753,813.1742418426105
3,3,1754,813.1742418426105
3,3,1755,813.1742418426105
3,3,1756,779.0
3,3,1757,823.4
3,3,1758,804.9
3,3,1759,805.4
3,3,1760,807.6
3,3,1761,813.5999999999999
3,3,1762,808.9000000000001
3,3,1763,792.1
3,3,1764,807.4
3,3,1765,800.9000000000001
3,3,1766,813.8
3,3,1767,797.2
3,3,1768,814.8999999999999
3,3,1769,798.3
3,3,1770,796.6999999999999
3,3,1771,790.5
3,3,1772,806.6
3,3,1773,802.3999999999999
3,3,1774,808.9000000000001
3,3,1775,792.1999999999999
3,3,1776,792.0
3,3,1777,798.1
3,3,1778,803.2
3,3,1779,813.1742418426105
3,3,1780,813.1742418426105
3,3,1781,813.1742418426105
3,3,1782,813.1742418426105
3,3,1783,813.1742418426105
3,3,1784,813.1742418426105
3,3,1785,813.1742418426105
3,3,1786,813.1742418426105
3,3,1787,813.1742418426105
3,3,1788,813.1742418426105
3,3,1789,813.1742418426105
3,3,1790,813.1742418426105
3,3,1791,813.1742418426105
3,3,1792,813.1742418426105
3,3,1793,813.1742418426105
3,3,1794,813.1742418426105
3,3,1795,813.1742418426105
3,3,1796,813.1742418426105
3,3,1797,813.1742418426105
4,0,1798,813.1742418426105
4,0,1799,813.1742418426105
4,0,1800,813.1742418426105
4,0,1801,813.1742418426105
4,0,1802,813.1742418426105
4,0,1803,813.1742418426105
4,0,1804,813.1742418426105
4,0,1805,813.1742418426105
4,0,1806,813.1742418426105
4,0,1807,813.1742418426105
4,0,1808,794.3
4,0,1809,802.9999999999999
4,0,1810,817.9
4,0,1811,805.5
4,0,1812,803.8000000000001
4,0,1813,808.0999999999999
4,0,1814,807.3000000000001
4,0,1815,811.3
4,0,1816,813.1742418426105
4,0,1817,813.1742418426105
4,0,1818,813.1742418426105
4,0,1819,813.1742418426105
4,0,1820,813.1742418426105
4,0,1821,813.1742418426105
4,0,1822,813.1742418426105
4,0,1823,813.1742418426105
4,0,1824,813.1742418426105
4,0,1825,813.1742418426105
4,0,1826,813.1742418426105
4,0,1827,813.1742418426105
4,0,1828,813.1742418426105
4,0,1829,813.1742418426105
4,0,1830,813.1742418426105
4,0,1831,813.1742418426105
4,0,1832,813.1742418426105
4,0,1833,813.1742418426105
4,0,1834,813.1742418426105
4,0,1835,813.1742418426105
4,0,1836,813.1742418426105
4,0,1837,813.1742418426105
4,0,1838,815.0
4,0,1839,818.9
4,0,1840,819.6999999999999
4,0,1841,822.3000000000001
4,0,1842,815.4
4,0,1843,817.0
4,0,1844,824.4
4,0,1845,821.4000000000001
4,0,1846,820.1
4,0,1847,822.5
4,0,1848,823.9000000000001
4,0,1849,822.5
4,0,1850,824.2
4,0,1851,824.2
4,0,1852,824.2
4,0,1853,824.2
4,0,1854,824.2
4,0,1855,822.7
4,0,1856,823.0
4,0,1857,825.3
4,0,1858,823.0
4,0,1859,828.9999999999999
4,0,1860,813.1742418426105
4,0,1861,813.1742418426105
4,0,1862,813.1742418426105
4,0,1863,813.1742418426105
4,0,1864,813.1742418426105
4,0,1865,813.1742418426105
4,0,1866,813.1742418426105
4,0,1867,813.1742418426105
4,0,1868,813.1742418426105
4,0,1869,813.1742418426105
4,0,1870,813.1742418426105
4,0,1871,813.1742418426105
4,0,1872,813.1742418426105
4,0,1873,813.1742418426105
4,0,1874,813.1742418426105
4,0,1875,820.7
4,0,1876,827.3
4,0,1877,834.4
4,0,1878,813.1742418426105
4,0,1879,827.1000000000001
4,0,1880,830.1
4,0,1881,829.8
4,0,1882,836.4000000000001
4,0,1883,813.1742418426105
4,0,1884,813.1742418426105
4,0,1885,813.1742418426105
4,0,1886,813.1742418426105
4,0,1887,813.1742418426105
4,0,1888,813.1742418426105
4,0,1889,826.5
4,0,1890,831.6
4,0,1891,832.4
4,0,1892,833.9000000000001
4,0,1893,833.5000000000001
4,0,1894,833.9000000000001
4,0,1895,833.4
4,0,1896,839.5
4,0,1897,813.1742418426105
4,0,1898,813.1742418426105
4,0,1899,813.1742418426105
4,0,1900,813.1742418426105
4,0,1901,813.1742418426105
4,0,1902,813.1742418426105
4,0,1903,813.1742418426105
4,0,1904,825.3
4,0,1905,832.0
4,0,1906,830.9
4,0,1907,831.6
4,0,1908,832.0
4,0,1909,831.6
4,0,1910,832.0
4,0,1911,833.0999999999999
4,0,1912,832.3000000000001
4,0,1913,832.0
4,0,1914,831.4
4,0,1915,830.9
4,0,1916,831.3000000000001
4,0,1917,830.9
4,0,1918,830.5
4,0,1919,835.6999999999999
4,0,1920,813.1742418426105
4,0,1921,813.1742418426105
4,0,1922,813.1742418426105
4,0,1923,813.1742418426105
4,0,1924,813.1742418426105
4,0,1925,813.1742418426105
4,0,1926,813.1742418426105
4,0,1927,813.1742418426105
4,0,1928,813.1742418426105
4,0,1929,813.1742418426105
4,0,1930,813.1742418426105
4,0,1931,813.1742418426105
4,0,1932,813.1742418426105
4,0,1933,822.5
4,0,1934,827.5
4,0,1935,827.5
4,0,1936,827.5
4,0,1937,826.8000000000001
4,0,1938,825.0
4,0,1939,824.9000000000001
4,0,1940,825.5000000000001
4,0,1941,826.5
4,0,1942,825.4
4,0,1943,823.4
4,0,1944,822.7
4,0,1945,822.7
4,0,1946,821.5999999999999
4,0,1947,822.3000000000001
4,0,1948,819.6999999999999
4,0,1949,820.1
4,0,1950,818.9
4,0,1951,818.2
4,0,1952,817.6
4,0,1953,817.0999999999999
4,0,1954,816.3000000000001
4,0,1955,816.0
4,0,1956,815.6
4,0,1957,815.1999999999999
4,0,1958,815.1999999999999
4,0,1959,814.1
4,0,1960,812.3
4,0,1961,810.8000000000001
4,0,1962,817.6999999999999
4,0,1963,803.9999999999999
4,0,1964,808.3000000000001
4,0,1965,807.1
4,0,1966,806.7
4,0,1967,806.4
4,0,1968,806.0
4,0,1969,804.5999999999999
4,0,1970,801.3
4,0,1971,800.9000000000001
4,0,1972,799.6
4,0,1973,799.4
4,0,1974,798.5
4,0,1975,796.6
4,0,1976,797.0
4,0,1977,795.9
4,0,1978,798.3
4,0,1979,813.1742418426105
4,0,1980,813.1742418426105
4,0,1981,813.1742418426105
4,0,1982,813.1742418426105
4,0,1983,787.6
4,0,1984,787.4
4,0,1985,788.1
4,0,1986,785.3
4,0,1987,783.9000000000001
4,0,1988,782.9
4,0,1989,782.1
4,0,1990,781.0
4,0,1991,780.0
4,1,1992,778.9
4,1,1993,778.9
4,1,1994,776.1999999999999
4,1,1995,774.3000000000001
4,1,1996,773.6
4,1,1997,772.9
4,1,1998,772.9
4,1,1999,777.7
4,1,2000,764.3
4,1,2001,769.5
4,1,2002,767.9
4,1,2003,766.3000000000001
4,1,2004,765.8000000000001
4,1,2005,764.4
4,1,2006,764.0
4,1,2007,763.4000000000001
4,1,2008,761.5
4,1,2009,760.1
4,1,2010,758.8
4,1,2011,757.3000000000001
4,1,2012,756.6
4,1,2013,755.5
4,1,2014,754.8
4,1,2015,754.1
4,1,2016,753.0
4,1,2017,750.9000000000001
4,1,2018,749.6
4,1,2019,749.2
4,1,2020,748.1
4,1,2021,747.4
4,1,2022,746.0
4,1,2023,748.1
4,1,2024,813.1742418426105
4,1,2025,813.1742418426105
4,1,2026,813.1742418426105
4,1,2027,813.1742418426105
4,1,2028,813.1742418426105
4,1,2029,813.1742418426105
4,1,2030,732.8000000000001
4,1,2031,735.7
4,1,2032,734.6
4,1,2033,733.6
4,1,2034,731.9
4,1,2035,730.7
4,1,2036,730.4
4,1,2037,732.8000000000001
4,1,2038,813.1742418426105
4,1,2039,813.1742418426105
4,1,2040,813.1742418426105
4,1,2041,813.1742418426105
4,1,2042,813.1742418426105
4,1,2043,813.1742418426105
4,1,2044,717.6
4,1,2045,720.8000000000001
4,1,2046,719.8000000000001
4,1,2047,718.0
4,1,2048,716.6
4,1,2049,716.3000000000001
4,1,2050,714.4
4,1,2051,713.4000000000001
4,1,2052,713.1
4,1,2053,711.5999999999999
4,1,2054,710.5
4,1,2055,710.2
4,1,2056,709.8
4,1,2057,709.5
4,1,2058,709.1
4,1,2059,707.0
4,1,2060,707.0
4,1,2061,705.9
4,1,2062,705.4
4,1,2063,704.1999999999999
4,1,2064,704.1999999999999
4,1,2065,702.4
4,1,2066,703.5
4,1,2067,700.0
4,1,2068,701.0
4,1,2069,700.6
4,1,2070,699.6
4,1,2071,699.2
4,1,2072,698.5
4,1,2073,697.9
4,1,2074,696.4000000000001
4,1,2075,695.6999999999999
4,1,2076,695.3000000000001
4,1,2077,693.2
4,1,2078,692.5
4,1,2079,694.1
4,1,2080,692.6999999999999
4,1,2081,690.9
4,1,2082,690.5
4,1,2083,688.9
4,1,2084,690.0
4,1,2085,689.7
4,1,2086,687.2
4,1,2087,686.1
4,1,2088,687.2
4,1,2089,686.0
4,1,2090,685.4
4,1,2091,686.5
4,1,2092,686.8000000000001
4,1,2093,687.2
4,1,2094,686.8000000000001
4,1,2095,685.8
4,1,2096,686.5
4,1,2097,686.2
4,1,2098,686.5
4,1,2099,685.8
4,1,2100,685.7
4,1,2101,686.1
4,1,2102,687.2
4,1,2103,686.5
4,1,2104,686.5
4,1,2105,686.5
4,1,2106,686.1
4,1,2107,685.7
4,1,2108,685.9
4,1,2109,685.8
4,1,2110,685.0
4,1,2111,688.8
4,1,2112,813.1742418426105
4,1,2113,813.1742418426105
4,1,2114,813.1742418426105
4,1,2115,813.1742418426105
4,1,2116,813.1742418426105
4,1,2117,813.1742418426105
4,1,2118,680.1999999999999
4,1,2119,683.6
4,1,2120,684.0
4,1,2121,684.7
4,1,2122,685.4
4,1,2123,687.2
4,1,2124,686.1
4,1,2125,686.5
4,1,2126,687.2
4,1,2127,687.8
4,1,2128,688.6999999999999
4,1,2129,688.6
4,1,2130,688.6
4,1,2131,688.1999999999999
4,1,2132,688.6
4,1,2133,687.9
4,1,2134,688.3
4,1,2135,688.8
4,1,2136,688.6
4,1,2137,688.6
4,1,2138,690.0
4,1,2139,689.9
4,1,2140,690.8000000000001
4,1,2141,689.7
4,1,2142,691.0999999999999
4,1,2143,690.4
4,1,2144,693.2
4,1,2145,695.0
4,1,2146,695.0
4,1,2147,699.3000000000001
4,1,2148,688.6999999999999
4,1,2149,696.6
4,1,2150,698.5
4,1,2151,699.0
4,1,2152,699.6
4,1,2153,701.7
4,1,2154,702.0
4,1,2155,703.5
4,1,2156,704.9000000000001
4,1,2157,704.6999999999999
4,1,2158,705.9
4,1,2159,706.5
4,1,2160,707.2
4,1,2161,709.4
4,1,2162,709.1
4,1,2163,711.5
4,1,2164,711.2
4,1,2165,711.5999999999999
4,1,2166,712.0
4,1,2167,713.6999999999999
4,1,2168,714.1
4,1,2169,715.9
4,2,2170,719.0
4,2,2171,719.1
4,2,2172,718.7
4,2,2173,722.1
4,2,2174,724.4
4,2,2175,722.2
4,2,2176,721.1999999999999
4,2,2177,724.7
4,2,2178,726.0
4,2,2179,726.5
4,2,2180,729.9000000000001
4,2,2181,733.9000000000001
4,2,2182,729.0
4,2,2183,731.8
4,2,2184,730.9
4,2,2185,736.3000000000001
4,2,2186,813.1742418426105
4,2,2187,813.1742418426105
4,2,2188,813.1742418426105
4,2,2189,813.1742418426105
4,2,2190,813.1742418426105
4,2,2191,813.1742418426105
4,2,2192,744.9
4,2,2193,813.1742418426105
4,2,2194,813.1742418426105
4,2,2195,813.1742418426105
4,2,2196,813.1742418426105
4,2,2197,813.1742418426105
4,2,2198,813.1742418426105
4,2,2199,813.1742418426105
4,2,2200,749.3000000000001
4,2,2201,757.8000000000001
4,2,2202,755.0
4,2,2203,758.5
4,2,2204,754.1
4,2,2205,768.9
4,2,2206,769.1
4,2,2207,767.6999999999999
4,2,2208,771.0
4,2,2209,778.1
4,2,2210,778.3000000000001
4,2,2211,777.7
4,2,2212,780.6
4,2,2213,778.0
4,2,2214,774.7
4,2,2215,783.0
4,2,2216,813.1742418426105
4,2,2217,813.1742418426105
4,2,2218,813.1742418426105
4,2,2219,813.1742418426105
4,2,2220,813.1742418426105
4,2,2221,813.1742418426105
4,2,2222,813.1742418426105
4,2,2223,813.1742418426105
4,2,2224,813.1742418426105
4,2,2225,813.1742418426105
4,2,2226,813.1742418426105
4,2,2227,813.1742418426105
4,2,2228,813.1742418426105
4,2,2229,806.4
4,2,2230,816.8
4,2,2231,815.1
4,2,2232,815.4
4,2,2233,812.9
4,2,2234,810.2
4,2,2235,819.0
4,2,2236,822.1
4,2,2237,821.5999999999999
4,2,2238,825.0
4,2,2239,823.6
4,2,2240,826.8000000000001
4,2,2241,833.8
4,2,2242,839.5
4,2,2243,836.1
4,2,2244,840.1999999999999
4,2,2245,853.3
1,1,0,778.1
1,1,1,777.5
1,1,2,775.1
1,1,3,773.1
1,1,4,772.2
1,1,5,772.2
1,1,6,772.4
1,1,7,770.4
1,1,8,769.1
1,1,9,767.5
1,1,10,765.2
1,1,11,766.0
1,1,12,765.4
1,1,13,764.5
1,1,14,763.9
1,1,15,762.9
1,1,16,763.4000000000001
1,1,17,763.4000000000001
1,1,18,763.4000000000001
1,1,19,761.3000000000001
1,1,20,758.5
1,1,21,756.9
1,1,22,756.0
1,1,23,756.1
1,1,24,755.8
1,1,25,755.7
1,1,26,755.1999999999999
1,1,27,755.7
1,1,28,754.9000000000001
1,1,29,754.1999999999999
1,1,30,753.2
1,1,31,753.2
1,1,32,753.7
1,1,33,749.5
1,1,34,748.0
1,1,35,749.0999999999999
1,1,36,748.2
1,1,37,747.0
1,1,38,746.6
1,1,39,746.6
1,1,40,746.5
1,1,41,746.9
1,1,42,746.9
1,1,43,748.2
1,1,44,747.2
1,1,45,746.6
1,1,46,746.5
1,1,47,746.1
1,1,48,745.8000000000001
1,1,49,744.9
1,1,50,742.3
1,1,51,743.0
1,1,52,745.2
1,1,53,746.1
1,1,54,746.0
1,1,55,742.1
1,1,56,739.1
1,1,57,740.1
1,1,58,744.6
1,1,59,747.4
1,1,60,745.8000000000001
1,1,61,740.3
1,1,62,738.1999999999999
1,1,63,745.6
1,1,64,744.6
1,1,65,746.6
1,1,66,746.1999999999999
1,1,67,744.9
1,1,68,741.6
1,1,69,740.2
1,1,70,741.9
1,1,71,745.3000000000001
1,1,72,746.1999999999999
1,1,73,745.8000000000001
1,1,74,745.3000000000001
1,1,75,746.6
1,1,76,747.2
1,1,77,746.1999999999999
1,1,78,743.6
1,1,79,744.6
1,1,80,748.3
1,1,81,750.4
1,1,82,751.8
1,1,83,747.5
1,1,84,744.9
1,1,85,743.2
1,1,86,740.2
1,1,87,740.3
1,1,88,742.3
1,1,89,745.6999999999999
1,1,90,746.8
1,1,91,749.0
1,1,92,747.9
1,1,93,747.4
1,1,94,750.6999999999999
1,1,95,747.3
1,1,96,749.9
1,1,97,751.3
1,1,98,750.9000000000001
1,1,99,753.0
1,1,100,753.1
1,1,101,751.9
1,1,102,752.5
1,1,103,751.4
1,1,104,756.7
1,1,105,761.1
1,1,106,760.1
1,1,107,756.7
1,1,108,758.0
1,1,109,762.3000000000001
1,1,110,762.6999999999999
1,1,111,761.9
1,1,112,763.0
1,1,113,770.9
1,1,114,768.6
1,1,115,762.8
1,1,116,768.8
1,1,117,774.6
1,1,118,762.4
1,1,119,763.8
1,2,120,780.5
1,2,121,776.7
1,2,122,775.1999999999999
1,2,123,776.1
1,2,124,776.9
1,2,125,784.4
1,2,126,786.0
1,2,127,782.0
1,2,128,782.9
1,2,129,796.9
1,2,130,791.8000000000001
1,2,131,792.6999999999999
1,2,132,805.3000000000001
1,2,133,797.8
1,2,134,787.4
1,2,135,786.1
1,2,136,801.0999999999999
1,2,137,798.8000000000001
1,2,138,806.1
1,2,139,820.5
1,2,140,798.1
1,2,141,803.1
1,2,142,825.0999999999999
1,2,143,813.9
1,2,144,810.8000000000001
1,2,145,821.1
1,2,146,816.8
1,2,147,827.3999999999999
1,2,148,810.1000000000001
1,2,149,819.8000000000001
1,2,150,827.0
1,2,151,825.9000000000001
1,2,152,841.9000000000001
1,2,153,831.7
1,2,154,829.8
1,2,155,831.1999999999999
1,2,156,845.2
1,2,157,825.6999999999999
1,2,158,840.1
1,2,159,853.4000000000001
1,2,160,843.6
1,2,161,881.0
1,2,162,869.9999999999999
1,2,163,849.9000000000001
1,2,164,860.0
1,2,165,846.9
1,2,166,867.4
1,2,167,873.4
1,2,168,842.8000000000001
1,2,169,857.1999999999999
1,2,170,891.6999999999999
1,2,171,883.6
1,2,172,879.5
1,2,173,870.9
1,2,174,886.7
1,2,175,875.0
1,2,176,894.6999999999999
1,2,177,895.3
1,2,178,890.1
1,2,179,883.0999999999999
1,2,180,891.8
1,2,181,883.0
1,2,182,910.3999999999999
1,2,183,923.6
1,2,184,907.8
1,2,185,916.9000000000001
1,2,186,900.8
1,2,187,894.4000000000001
1,2,188,933.4
1,2,189,923.5
1,2,190,937.5999999999999
1,2,191,939.0
1,2,192,935.3999999999999
1,2,193,926.0
1,2,194,927.5
1,2,195,949.4
1,2,196,948.8
1,2,197,924.2
1,2,198,947.8999999999999
1,2,199,946.9
1,2,200,937.8
1,2,201,960.8000000000001
1,2,202,975.0
1,2,203,951.9
1,2,204,935.5
1,2,205,959.0
1,2,206,942.9
1,2,207,958.6
1,2,208,979.9
1,2,209,983.3000000000001
1,2,210,972.8
1,2,211,972.1
1,2,212,963.8
1,2,213,962.3
1,2,214,986.8000000000001
1,2,215,990.0
1,2,216,979.5999999999999
1,2,217,953.3
1,2,218,968.8000000000001
1,2,219,961.0
1,2,220,966.0
1,2,221,990.0
1,2,222,999.0999999999999
1,2,223,1000.9000000000001
1,2,224,984.8000000000001
1,2,225,998.3000000000001
1,2,226,979.5999999999999
1,2,227,985.6
1,2,228,994.9
1,2,229,977.6
1,2,230,981.7
1,2,231,965.1
1,2,232,984.4
1,2,233,984.9
1,2,234,983.8
1,2,235,996.5999999999999
1,2,236,992.5000000000001
1,2,237,983.3000000000001
1,2,238,971.7
1,2,239,997.6000000000001
1,2,240,997.8999999999999
1,2,241,981.9000000000001
1,2,242,997.1999999999999
1,2,243,1005.9
1,2,244,991.9000000000001
1,2,245,992.6
1,2,246,997.4
1,2,247,981.3000000000001
1,2,248,965.6
1,2,249,981.6
1,2,250,990.4999999999999
1,2,251,985.5
1,2,252,979.3
1,2,253,993.6999999999999
1,2,254,990.1999999999999
1,2,255,977.6999999999999
1,2,256,997.5
1,2,257,996.8
1,2,258,813.1742418426105
1,2,259,982.4
1,2,260,995.5
1,2,261,988.5
1,3,262,973.7
1,3,263,986.1
1,3,264,988.1
1,3,265,987.5999999999999
1,3,266,987.8
1,3,267,984.9
1,3,268,987.8
1,3,269,955.1999999999999
1,3,270,958.3000000000001
1,3,271,974.0
1,3,272,970.4000000000001
1,3,273,960.9
1,3,274,984.0
1,3,275,1000.8
1,3,276,1015.1
1,3,277,1017.6
1,3,278,1006.8
1,3,279,995.1
1,3,280,991.6
1,3,281,993.0
1,3,282,1000.2
1,3,283,1008.0
1,3,284,1017.2
1,3,285,1019.8000000000001
1,3,286,1012.5
1,3,287,1008.2
1,3,288,1007.4999999999999
1,3,289,1003.5999999999999
1,3,290,1007.7
1,3,291,1014.5
1,3,292,1012.5
1,3,293,1009.5000000000001
1,3,294,1004.4000000000001
1,3,295,1002.2
1,3,296,1005.1
1,3,297,1007.3000000000001
1,3,298,1006.9000000000001
1,3,299,1001.3
1,3,300,993.3
1,3,301,987.1
1,3,302,990.0
1,3,303,991.6999999999999
1,3,304,992.2
1,3,305,992.2
1,3,306,983.0
1,3,307,981.4
1,3,308,988.5
1,3,309,987.5
1,3,310,984.3
1,3,311,985.9
1,3,312,985.3999999999999
1,3,313,980.3000000000001
1,3,314,974.8
1,3,315,966.4
1,3,316,965.0
1,3,317,973.3000000000001
1,3,318,973.1999999999999
1,3,319,969.6999999999999
1,3,320,965.6
1,3,321,960.8000000000001
1,3,322,961.0
1,3,323,961.7
1,3,324,961.2
1,3,325,956.7
1,3,326,947.8999999999999
1,3,327,948.5
1,3,328,952.6
1,3,329,948.0
1,3,330,935.1000000000001
1,3,331,935.0
1,3,332,940.8
1,3,333,934.0999999999999
1,3,334,935.3
1,3,335,943.3
1,3,336,930.4
1,3,337,928.3
1,3,338,937.8
1,3,339,926.0999999999999
1,3,340,918.8000000000001
1,3,341,932.9000000000001
1,3,342,931.5
1,3,343,920.3
1,3,344,929.4000000000001
1,3,345,925.5000000000001
1,3,346,924.0999999999999
1,3,347,926.9
1,3,348,925.0
1,3,349,904.7
1,3,350,919.6999999999999
1,3,351,912.3
1,3,352,901.2
1,3,353,928.5999999999999
1,3,354,936.0
1,3,355,911.0
1,3,356,893.9
1,3,357,910.6999999999999
1,3,358,876.4
1,3,359,905.3000000000001
1,3,360,925.0
1,3,361,911.1
1,3,362,892.0999999999999
1,3,363,881.6
1,3,364,880.1999999999999
1,3,365,882.3000000000001
1,3,366,921.4000000000001
1,3,367,929.1999999999999
1,3,368,922.1
1,3,369,892.2
1,3,370,887.9
1,3,371,879.7
1,3,372,887.4000000000001
1,3,373,898.7
1,3,374,919.9
1,3,375,911.4000000000001
1,3,376,884.2
1,3,377,871.1
1,3,378,887.8
1,3,379,860.9
1,3,380,875.4
1,3,381,904.7
1,3,382,907.4
1,3,383,887.3
1,3,384,902.1000000000001
1,3,385,862.5999999999999
1,3,386,868.6
1,3,387,880.8
1,3,388,882.4999999999999
1,3,389,898.7
1,3,390,914.5
1,3,391,909.5000000000001
1,3,392,893.5
1,3,393,877.2
1,3,394,852.9999999999999
1,3,395,884.5000000000001
1,3,396,862.5
1,3,397,859.0
1,3,398,891.6999999999999
1,3,399,894.5
1,3,400,860.8000000000001
1,3,401,904.7
1,3,402,892.8000000000001
1,3,403,867.0
1,3,404,879.5
1,3,405,889.4
1,3,406,864.1999999999999
1,3,407,897.0000000000001
1,3,408,906.7
1,3,409,878.9
1,3,410,868.6999999999999
1,3,411,888.1
1,3,412,878.5999999999999
1,3,413,883.2
1,3,414,880.7
1,3,415,879.3
2,0,416,894.8000000000001
2,0,417,894.2
2,0,418,869.1
2,0,419,877.2
2,0,420,880.1999999999999
2,0,421,877.2
2,0,422,867.4
2,0,423,896.3
2,0,424,909.0
2,0,425,893.3
2,0,426,875.6999999999999
2,0,427,875.2
2,0,428,879.7
2,0,429,871.0000000000001
2,0,430,872.4
2,0,431,889.7
2,0,432,901.3
2,0,433,890.1
2,0,434,878.3
2,0,435,871.9
2,0,436,877.3
2,0,437,888.1999999999999
2,0,438,888.8
2,0,439,885.5
2,0,440,875.6999999999999
2,0,441,881.8
2,0,442,897.3000000000001
2,0,443,899.0999999999999
2,0,444,889.6000000000001
2,0,445,888.9
2,0,446,888.4000000000001
2,0,447,884.0999999999999
2,0,448,887.8
2,0,449,890.4
2,0,450,887.4000000000001
2,0,451,890.4999999999999
2,0,452,890.4999999999999
2,0,453,890.0
2,0,454,890.3000000000001
2,0,455,886.8000000000001
2,0,456,883.6999999999999
2,0,457,884.2
2,0,458,884.6
2,0,459,891.0999999999999
2,0,460,891.4999999999999
2,0,461,891.2
2,0,462,884.0999999999999
2,0,463,886.5
2,0,464,890.0
2,0,465,891.2
2,0,466,890.4999999999999
2,0,467,885.3999999999999
2,0,468,884.2
2,0,469,894.2
2,0,470,896.9
2,0,471,896.5
2,0,472,899.0
2,0,473,897.1
2,0,474,898.0
2,0,475,898.3000000000001
2,0,476,898.1
2,0,477,899.4999999999999
2,0,478,900.0
2,0,479,900.6
2,0,480,900.6
2,0,481,900.6999999999999
2,0,482,902.3
2,0,483,900.5000000000001
2,0,484,898.0
2,0,485,896.3
2,0,486,897.7
2,0,487,900.6
2,0,488,904.1
2,0,489,903.3
2,0,490,900.0999999999999
2,0,491,901.4
2,0,492,903.4000000000001
2,0,493,903.1
2,0,494,902.9
2,0,495,902.5
2,0,496,901.9
2,0,497,902.6999999999999
2,0,498,903.1
2,0,499,904.1999999999999
2,0,500,903.7
2,0,501,903.8000000000001
2,0,502,904.3
2,0,503,904.5999999999999
2,0,504,904.4000000000001
2,0,505,902.0
2,0,506,901.0
2,0,507,903.1
2,0,508,903.2
2,0,509,902.9999999999999
2,0,510,904.5
2,0,511,906.5
2,0,512,904.5999999999999
2,0,513,902.1000000000001
2,0,514,899.8
2,0,515,902.1000000000001
2,0,516,903.2
2,0,517,903.5
2,0,518,906.1999999999999
2,0,519,906.7
2,0,520,904.5
2,0,521,904.3
2,0,522,905.1
2,0,523,908.2
2,0,524,909.4
2,0,525,906.6
2,0,526,903.9999999999999
2,0,527,903.5999999999999
2,0,528,903.7
2,0,529,904.1999999999999
2,0,530,904.8
2,0,531,904.9
2,0,532,904.1999999999999
2,0,533,903.5
2,0,534,903.5999999999999
2,0,535,904.8
2,0,536,904.5999999999999
2,0,537,904.4000000000001
2,0,538,903.7
2,0,539,902.8000000000001
2,0,540,901.9
2,0,541,900.0999999999999
2,0,542,901.6999999999999
2,0,543,902.0
2,0,544,902.0
2,0,545,905.3000000000001
2,0,546,813.1742418426105
2,0,547,813.1742418426105
2,0,548,813.1742418426105
2,0,549,813.1742418426105
2,0,550,813.1742418426105
2,0,551,895.1
2,0,552,895.7
2,0,553,896.3
2,0,554,894.9
2,0,555,893.9
2,0,556,893.6999999999999
2,0,557,892.9
2,0,558,893.9
2,0,559,891.8
2,0,560,894.9999999999999
2,0,561,813.1742418426105
2,0,562,813.1742418426105
2,0,563,813.1742418426105
2,0,564,813.1742418426105
2,0,565,813.1742418426105
2,0,566,813.1742418426105
2,0,567,813.1742418426105
2,0,568,813.1742418426105
2,0,569,813.1742418426105
2,0,570,813.1742418426105
2,0,571,813.1742418426105
2,0,572,813.1742418426105
2,0,573,813.1742418426105
2,0,574,813.1742418426105
2,0,575,813.1742418426105
2,0,576,813.1742418426105
2,0,577,813.1742418426105
2,0,578,813.1742418426105
2,0,579,813.1742418426105
2,0,580,813.1742418426105
2,0,581,813.1742418426105
2,0,582,813.1742418426105
2,0,583,813.1742418426105
2,0,584,813.1742418426105
2,0,585,813.1742418426105
2,0,586,813.1742418426105
2,0,587,813.1742418426105
2,0,588,813.1742418426105
2,0,589,813.1742418426105
2,0,590,813.1742418426105
2,0,591,813.1742418426105
2,0,592,813.1742418426105
2,0,593,813.1742418426105
2,0,594,813.1742418426105
2,0,595,813.1742418426105
2,0,596,813.1742418426105
2,0,597,813.1742418426105
2,0,598,813.1742418426105
2,0,599,813.1742418426105
2,0,600,813.1742418426105
2,0,601,813.1742418426105
2,0,602,813.1742418426105
2,0,603,813.1742418426105
2,0,604,813.1742418426105
2,0,605,813.1742418426105
2,0,606,813.1742418426105
2,0,607,813.1742418426105
2,0,608,813.1742418426105
2,0,609,813.1742418426105
2,1,610,813.1742418426105
2,1,611,813.1742418426105
2,1,612,813.1742418426105
2,1,613,813.1742418426105
2,1,614,813.1742418426105
2,1,615,813.1742418426105
2,1,616,813.1742418426105
2,1,617,813.1742418426105
2,1,618,813.1742418426105
2,1,619,813.1742418426105
2,1,620,813.1742418426105
2,1,621,813.1742418426105
2,1,622,813.1742418426105
2,1,623,813.1742418426105
2,1,624,813.1742418426105
2,1,625,813.1742418426105
2,1,626,817.0999999999999
2,1,627,817.0999999999999
2,1,628,817.0999999999999
2,1,629,813.1742418426105
2,1,630,817.0999999999999
2,1,631,813.1742418426105
2,1,632,813.4000000000001
2,1,633,813.3
2,1,634,813.3
2,1,635,811.9999999999999
2,1,636,811.4000000000001
2,1,637,810.3
2,1,638,808.2
2,1,639,807.6
2,1,640,805.1
2,1,641,804.5
2,1,642,804.1999999999999
2,1,643,802.6999999999999
2,1,644,799.0999999999999
2,1,645,797.6
2,1,646,797.6
2,1,647,797.0
2,1,648,795.6999999999999
2,1,649,793.8
2,1,650,793.2
2,1,651,791.5
2,1,652,788.8
2,1,653,787.6
2,1,654,786.9
2,1,655,786.3000000000001
2,1,656,786.9
2,1,657,785.0
2,1,658,784.7
2,1,659,784.1
2,1,660,783.4
2,1,661,781.0
2,1,662,778.8000000000001
2,1,663,778.2
2,1,664,778.2
2,1,665,777.6
2,1,666,774.9
2,1,667,773.4
2,1,668,773.4
2,1,669,771.3
2,1,670,770.6999999999999
2,1,671,770.0999999999999
2,1,672,768.9
2,1,673,766.9
2,1,674,764.8
2,1,675,766.5
2,1,676,766.3000000000001
2,1,677,765.0
2,1,678,764.6
2,1,679,763.8
2,1,680,763.1999999999999
2,1,681,762.5
2,1,682,761.3000000000001
2,1,683,760.4
2,1,684,756.4
2,1,685,756.1
2,1,686,756.3
2,1,687,755.9
2,1,688,755.7
2,1,689,755.1
2,1,690,755.1
2,1,691,754.4
2,1,692,754.4
2,1,693,753.2
2,1,694,751.3
2,1,695,749.0999999999999
2,1,696,750.6999999999999
2,1,697,751.3
2,1,698,750.6999999999999
2,1,699,747.8
2,1,700,747.5
2,1,701,746.9
2,1,702,746.9
2,1,703,746.9
2,1,704,746.9
2,1,705,746.9
2,1,706,746.3
2,1,707,745.3000000000001
2,1,708,745.6999999999999
2,1,709,745.0
2,1,710,744.5
2,1,711,743.3
2,1,712,740.1
2,1,713,738.1999999999999
2,1,714,738.1999999999999
2,1,715,738.8
2,1,716,739.1
2,1,717,740.1
2,1,718,742.0
2,1,719,744.1
2,1,720,744.7
2,1,721,744.4
2,1,722,744.4
2,1,723,744.4
2,1,724,744.1
2,1,725,740.3
2,1,726,742.1999999999999
2,1,727,742.6
2,1,728,743.2
2,1,729,742.6
2,1,730,740.7
2,1,731,741.0999999999999
2,1,732,742.6
2,1,733,742.9
2,1,734,742.5
2,1,735,740.3
2,1,736,738.1999999999999
2,1,737,738.1999999999999
2,1,738,739.9
2,1,739,740.1
2,1,740,740.1
2,1,741,740.1
2,1,742,739.4
2,1,743,735.7
2,1,744,740.5
2,1,745,748.2
2,1,746,749.4
2,1,747,749.5
2,1,748,747.5
2,1,749,747.5
2,1,750,742.9
2,1,751,740.3
2,1,752,743.6
2,1,753,747.6
2,1,754,747.5
2,1,755,745.6999999999999
2,1,756,746.3
2,1,757,747.2
2,1,758,746.9
2,1,759,745.6999999999999
2,1,760,746.9
2,1,761,748.2
2,1,762,747.5
2,1,763,748.8000000000001
2,1,764,750.0
2,1,765,748.8000000000001
2,1,766,748.2
2,1,767,747.8
2,1,768,746.8
2,1,769,750.6999999999999
2,1,770,749.0999999999999
2,1,771,750.0
2,1,772,752.3
2,1,773,759.8
2,1,774,757.5
2,1,775,752.2
2,1,776,758.8
2,1,777,761.3000000000001
2,1,778,758.8
2,1,779,760.1
2,1,780,765.0
2,1,781,763.6999999999999
2,1,782,764.0
2,1,783,760.0
2,1,784,756.3
2,1,785,761.9
2,1,786,762.5
2,1,787,762.3000000000001
2,2,788,770.0999999999999
2,2,789,768.9
2,2,790,780.1
2,2,791,786.3000000000001
2,2,792,782.7
2,2,793,784.4
2,2,794,786.0
2,2,795,789.7
2,2,796,790.9
2,2,797,786.2
2,2,798,791.0999999999999
2,2,799,792.5
2,2,800,793.2
2,2,801,792.1
2,2,802,790.7
2,2,803,802.6999999999999
2,2,804,804.5
2,2,805,808.0
2,2,806,817.9
2,2,807,813.3
2,2,808,804.3
2,2,809,803.9
2,2,810,816.2
2,2,811,815.8
2,2,812,809.6999999999999
2,2,813,809.5000000000001
2,2,814,825.6999999999999
2,2,815,814.5
2,2,816,823.0
2,2,817,823.6
2,2,818,816.0999999999999
2,2,819,809.4
2,2,820,840.1
2,2,821,841.4
2,2,822,824.3000000000001
2,2,823,852.1000000000001
2,2,824,832.1999999999999
2,2,825,837.5999999999999
2,2,826,860.8000000000001
2,2,827,826.4
2,2,828,866.0999999999999
2,2,829,866.6999999999999
2,2,830,831.7
2,2,831,876.9
2,2,832,847.7
2,2,833,838.8
2,2,834,884.0
2,2,835,854.1
2,2,836,892.9
2,2,837,877.0
2,2,838,852.6
2,2,839,894.6999999999999
2,2,840,856.0
2,2,841,884.6999999999999
2,2,842,891.4999999999999
2,2,843,858.8
2,2,844,904.8
2,2,845,876.6999999999999
2,2,846,887.5999999999999
2,2,847,884.3
2,2,848,885.1000000000001
2,2,849,882.6
2,2,850,908.0999999999999
2,2,851,901.3
2,2,852,922.6000000000001
2,2,853,934.5000000000001
2,2,854,909.8000000000001
2,2,855,904.3
2,2,856,884.0999999999999
2,2,857,912.7
2,2,858,926.5
2,2,859,952.3
2,2,860,946.7
2,2,861,921.5999999999999
2,2,862,920.7
2,2,863,906.9000000000001
2,2,864,946.9
2,2,865,920.3
2,2,866,813.1742418426105
2,2,867,813.1742418426105
2,2,868,813.1742418426105
2,2,869,813.1742418426105
2,2,870,948.9000000000001
2,2,871,942.8000000000001
2,2,872,930.7
2,2,873,911.5999999999999
2,2,874,941.0999999999999
2,2,875,962.2
2,2,876,931.7
2,2,877,958.9000000000001
2,2,878,909.5000000000001
2,2,879,969.3
2,2,880,932.0
2,2,881,977.6999999999999
2,2,882,945.1
2,2,883,958.0
2,2,884,950.0999999999999
2,2,885,946.4000000000001
2,2,886,987.9
2,2,887,941.6999999999999
2,2,888,970.9
2,2,889,943.5
2,2,890,976.9
2,2,891,962.8
2,2,892,977.6
2,2,893,993.5
2,2,894,953.9999999999999
2,2,895,980.4
2,2,896,947.1
2,2,897,997.4
2,2,898,962.7
2,2,899,964.8999999999999
2,2,900,990.0
2,2,901,955.7
2,2,902,983.6999999999999
2,2,903,961.4000000000001
2,2,904,982.0
2,2,905,971.9
2,2,906,987.4000000000001
2,2,907,1000.8
2,2,908,986.2
2,2,909,988.1
2,2,910,983.6
2,2,911,1007.1999999999999
2,2,912,985.3
2,2,913,986.0
2,2,914,985.3999999999999
2,2,915,958.2
2,2,916,999.4
2,2,917,973.4
2,2,918,990.6
2,2,919,968.2
2,2,920,974.4999999999999
2,2,921,988.5999999999999
2,2,922,967.2
2,2,923,990.8
2,2,924,989.1
2,2,925,996.1
2,2,926,975.9000000000001
2,2,927,973.3000000000001
2,2,928,986.3
2,2,929,971.5
2,2,930,995.7
2,3,931,996.3
2,3,932,982.8
2,3,933,965.7
2,3,934,970.2
2,3,935,992.8000000000001
2,3,936,977.8000000000001
2,3,937,985.6999999999999
2,3,938,980.1
2,3,939,967.9
2,3,940,947.1
2,3,941,971.1
2,3,942,985.1000000000001
2,3,943,973.4
2,3,944,964.7
2,3,945,985.3
2,3,946,965.1999999999999
2,3,947,966.3000000000001
2,3,948,974.0
2,3,949,985.0
2,3,950,966.9000000000001
2,3,951,945.7
2,3,952,965.6
2,3,953,949.3000000000001
2,3,954,959.3
2,3,955,977.2
2,3,956,978.4000000000001
2,3,957,944.8000000000001
2,3,958,945.2
2,3,959,969.2
2,3,960,944.9999999999999
2,3,961,813.1742418426105
2,3,962,962.5999999999999
2,3,963,975.0999999999999
2,3,964,951.6
2,3,965,937.1
2,3,966,961.0
2,3,967,934.9
2,3,968,948.5
2,3,969,958.6
2,3,970,940.4
2,3,971,929.5
2,3,972,917.4
2,3,973,948.5
2,3,974,919.2
2,3,975,943.5
2,3,976,955.9
2,3,977,943.0999999999999
2,3,978,920.7
2,3,979,914.8999999999999
2,3,980,944.2
2,3,981,926.8000000000001
2,3,982,939.7
2,3,983,950.2
2,3,984,938.7
2,3,985,908.2
2,3,986,914.1
2,3,987,936.5999999999999
2,3,988,902.9999999999999
2,3,989,921.0000000000001
2,3,990,931.6
2,3,991,947.0000000000001
2,3,992,907.4999999999999
2,3,993,898.7
2,3,994,914.8
2,3,995,878.9999999999999
2,3,996,925.0
2,3,997,896.3
2,3,998,905.0000000000001
2,3,999,892.0
2,3,1000,911.7
2,3,1001,913.9
2,3,1002,907.6
2,3,1003,933.8
2,3,1004,906.6
2,3,1005,876.9
2,3,1006,899.0999999999999
2,3,1007,813.1742418426105
2,3,1008,813.1742418426105
2,3,1009,813.1742418426105
2,3,1010,898.7
2,3,1011,874.9000000000001
2,3,1012,858.8
2,3,1013,912.8
2,3,1014,888.5
2,3,1015,909.0999999999999
2,3,1016,906.1999999999999
2,3,1017,905.1
2,3,1018,884.9
2,3,1019,894.1
2,3,1020,912.5999999999999
2,3,1021,868.6999999999999
2,3,1022,899.2
2,3,1023,856.4
2,3,1024,889.8999999999999
2,3,1025,886.0
2,3,1026,857.4999999999999
2,3,1027,911.3
2,3,1028,856.6
2,3,1029,896.0000000000001
2,3,1030,864.4
2,3,1031,910.2
2,3,1032,880.4
2,3,1033,852.3
2,3,1034,869.9
2,3,1035,862.3
2,3,1036,880.5
2,3,1037,843.3
2,3,1038,887.8
2,3,1039,877.6
2,3,1040,892.8000000000001
2,3,1041,881.5
2,3,1042,880.9
2,3,1043,898.1
2,3,1044,875.8
2,3,1045,900.2
2,3,1046,885.1000000000001
2,3,1047,873.9000000000001
2,3,1048,885.1000000000001
2,3,1049,894.1
2,3,1050,881.4
