pressure_mb,verticalWind_ms,AmbientTemperature_K
881.85,-2.47,343.60
866.77,-2.57,342.22
847.67,-2.67,340.48
831.43,-3.46,339.02
818.81,-3.61,337.77
804.82,-3.55,336.44
786.29,-3.65,334.52
764.82,-3.28,332.60
743.32,-2.91,330.68
720.70,-2.44,328.42
696.28,-2.53,326.22
672.27,-2.51,323.87
650.68,-1.98,321.72
634.38,-2.76,319.93
622.17,-2.76,318.85
609.98,-2.34,317.44
597.81,-1.93,316.04
584.78,-2.04,314.52
573.12,-1.49,312.92
562.94,-1.06,311.76
552.25,-0.88,310.59
545.07,-0.57,309.94
542.55,0.00,309.94
540.58,0.00,309.94
538.60,0.00,309.94
538.60,0.00,309.50
538.09,0.00,309.50
537.71,0.00,309.72
537.07,0.00,309.06
536.82,0.00,309.06
537.20,0.00,309.01
537.26,-0.20,308.96
537.32,-0.41,308.91
538.45,-0.72,309.86
540.08,0.35,309.06
540.71,0.39,309.06
542.35,0.38,309.43
542.22,-0.34,309.43
539.57,0.32,308.91
537.24,0.32,309.02
534.90,0.33,309.13
533.51,0.00,308.91
536.78,0.00,308.91
538.67,0.61,309.28
537.41,0.35,308.69
537.91,0.65,308.99
538.54,0.35,308.97
538.11,0.33,308.96
537.68,0.32,308.94
537.25,0.30,308.93
536.82,0.29,308.91
536.39,0.27,308.89
535.96,0.26,308.88
535.52,0.24,308.86
535.09,0.23,308.85
534.66,0.21,308.83
534.23,0.20,308.81
533.80,0.18,308.80
533.37,0.17,308.78
532.94,0.15,308.76
532.51,0.14,308.75
532.08,0.12,308.73
531.65,0.11,308.72
531.21,0.09,308.70
530.78,0.08,308.68
530.35,0.06,308.67
529.92,0.05,308.65
529.49,0.03,308.64
529.06,0.02,308.62
530.32,0.00,308.62
533.73,0.00,308.73
534.72,0.05,308.84
535.71,0.10,308.95
536.71,0.15,309.06
537.70,0.21,309.17
538.70,0.26,309.28
539.69,0.31,309.39
540.68,0.36,309.50
545.97,0.38,310.08
552.14,-0.23,310.77
558.31,-0.84,311.47
558.44,-1.12,311.47
560.32,-1.31,311.76
562.21,-1.12,311.98
567.61,-0.86,312.56
571.76,-1.62,313.00
579.42,-2.27,313.70
584.56,-2.40,314.40
589.70,-2.53,315.10
593.83,-2.63,315.46
600.47,-2.57,316.18
603.34,-3.04,316.55
600.59,-3.16,316.18
607.22,-2.67,316.98
615.59,-1.64,317.63
617.73,-2.03,317.92
619.87,-2.42,318.20
623.99,-2.61,318.56
628.49,-2.82,319.07
631.98,-2.19,319.50
633.23,-2.67,319.79
635.10,-3.12,319.86
636.97,-3.23,320.24
641.77,-3.06,320.63
646.56,-2.89,321.01
655.38,-3.16,321.87
662.34,-3.40,322.37
667.92,-3.76,323.01
667.93,-3.35,323.08
665.32,-3.46,322.87
664.46,-3.33,322.80
661.67,-2.90,322.48
658.88,-2.46,322.15
659.13,-2.34,322.15
653.30,-2.95,321.58
649.45,-2.31,321.15
651.69,-2.78,321.29
652.69,-2.31,321.36
652.07,-3.12,321.34
651.39,-2.81,321.31
650.72,-2.51,321.29
647.48,-2.93,321.01
643.50,-2.23,320.58
630.06,-2.51,319.28
616.09,-2.76,317.70
606.47,-1.98,316.98
603.09,-2.44,316.30
596.33,-2.33,315.63
589.57,-2.23,314.95
585.43,-1.14,314.30
580.79,-0.98,313.72
574.14,-1.08,312.92
569.87,-0.70,312.71
568.60,-0.74,312.27
564.71,-0.70,311.98
565.02,-0.91,311.95
565.33,-1.12,311.91
565.07,-1.66,312.12
563.05,-0.66,311.98
560.66,-0.54,311.54
560.03,-0.40,311.47
557.13,-0.36,311.18
555.74,-0.34,311.40
557.85,-0.43,311.62
559.98,-0.52,311.84
562.09,-0.60,312.07
564.19,-0.69,312.29
566.30,-0.78,312.51
568.41,-0.87,312.73
570.52,-0.96,312.95
572.63,-1.04,313.17
574.74,-1.13,313.39
576.85,-1.22,313.61
578.96,-1.31,313.83
581.07,-1.39,314.05
583.18,-1.48,314.27
585.29,-1.57,314.49
587.40,-1.66,314.71
589.50,-1.75,314.94
591.61,-1.83,315.16
593.72,-1.92,315.38
595.83,-2.01,315.60
597.94,-2.10,315.82
600.05,-2.18,316.04
602.16,-2.27,316.26
606.91,-2.36,316.76
603.91,-1.72,316.60
602.57,-1.68,316.43
601.23,-1.63,316.27
599.89,-1.59,316.11
598.55,-1.54,315.95
597.21,-1.50,315.78
595.87,-1.45,315.62
594.53,-1.41,315.46
590.65,-1.39,315.10
591.21,-1.64,315.13
591.77,-1.89,315.17
594.78,-2.31,315.39
594.90,-2.67,315.39
597.53,-2.38,315.82
595.90,-2.31,315.68
592.52,-2.36,315.39
587.39,-1.58,315.34
589.95,-1.33,315.29
592.52,-1.08,315.24
595.15,-1.47,315.53
587.01,-1.49,314.66
586.26,-1.39,314.52
580.87,-1.37,313.94
573.97,-0.80,313.29
569.45,-1.02,313.00
565.04,-0.70,312.38
560.64,-0.39,311.76
554.47,-1.04,311.18
551.33,-0.80,310.89
551.58,-0.49,310.81
550.57,-0.66,310.67
552.46,-0.57,310.81
553.46,-0.57,310.86
553.71,-0.49,310.91
553.96,-0.40,310.96
553.33,-0.40,310.96
554.21,-0.39,311.03
552.07,-0.35,310.81
551.06,-0.57,310.96
553.07,-0.47,310.96
553.70,-0.35,310.96
553.26,-0.37,310.93
552.82,-0.39,310.89
550.30,-0.35,310.74
549.54,-0.41,310.59
551.05,-0.44,310.67
552.43,-0.35,310.81
552.94,-0.33,311.03
553.81,-0.33,311.01
553.18,-0.33,310.98
552.55,-0.33,310.96
553.18,-0.40,310.96
553.81,-0.35,311.03
557.33,-0.35,311.47
561.61,-0.63,311.91
562.99,-0.86,311.98
564.50,-0.54,312.10
564.88,-0.27,312.22
565.25,0.00,312.34
566.01,-0.84,312.34
564.88,-1.00,312.34
567.14,-0.56,312.49
569.40,-1.39,312.78
568.02,-1.06,312.63
563.87,-0.78,312.20
563.81,-0.58,312.16
563.75,-0.38,312.12
565.26,-0.74,312.34
566.77,-0.92,312.49
565.38,-1.00,312.34
563.37,-0.90,312.12
566.14,-0.86,312.34
564.63,-1.04,312.27
564.02,-0.97,312.20
563.42,-0.91,312.13
562.81,-0.84,312.06
562.21,-0.78,311.99
561.60,-0.71,311.92
560.99,-0.65,311.85
560.39,-0.58,311.78
559.78,-0.52,311.71
559.17,-0.45,311.64
558.57,-0.39,311.57
557.96,-0.32,311.51
557.35,-0.26,311.44
556.75,-0.19,311.37
556.14,-0.13,311.30
555.54,-0.06,311.23
554.93,0.00,311.16
554.32,0.07,311.09
553.72,0.13,311.02
553.11,0.20,310.95
552.50,0.26,310.88
551.90,0.33,310.81
551.29,0.39,310.74
553.30,0.46,310.96
554.31,0.46,311.01
554.51,0.44,311.05
554.70,0.42,311.10
554.90,0.40,311.14
555.10,0.39,311.18
555.30,0.37,311.23
555.49,0.35,311.28
555.69,0.33,311.32
555.69,-0.35,311.47
553.11,-0.38,311.11
550.53,-0.41,310.74
547.50,-0.35,310.52
543.72,0.41,310.16
545.61,0.94,310.38
545.87,0.82,310.38
546.50,0.84,310.52
547.25,0.38,310.62
549.64,0.40,310.71
552.04,0.43,310.81
551.91,0.35,310.89
549.90,0.35,310.67
549.52,0.00,310.59
548.51,-0.38,310.45
547.13,-0.33,310.45
547.38,0.38,310.45
547.38,0.42,310.41
547.37,0.46,310.38
549.76,-0.76,310.59
551.27,-1.10,310.89
551.78,-1.16,310.81
550.90,-0.63,310.81
549.26,-0.54,310.67
548.13,-0.68,310.55
547.05,-0.17,310.42
545.98,0.35,310.30
547.12,-0.33,310.45
547.75,-0.44,310.45
547.87,-0.68,310.45
547.75,-0.35,310.45
549.51,-0.56,310.59
551.53,-0.72,310.81
551.09,-0.52,310.78
550.64,-0.32,310.74
552.03,-1.08,311.18
553.16,-0.38,310.96
554.80,-0.70,311.18
554.92,-0.72,311.18
551.78,-1.29,310.89
553.41,-0.61,310.96
552.78,-0.58,311.03
552.15,-0.56,311.10
551.52,0.39,310.81
548.25,0.43,310.45
548.75,0.66,310.52
548.50,0.61,310.59
549.01,0.84,310.67
548.25,0.00,310.74
549.58,-0.21,310.82
550.90,-0.41,310.89
553.42,-0.74,311.03
552.66,-1.00,311.03
549.26,-1.31,310.81
549.39,-0.35,310.67
551.28,-0.76,310.81
553.42,-0.59,311.03
556.00,-0.30,311.32
558.58,0.00,311.61
559.21,-0.49,311.61
563.23,-1.39,312.05
566.50,-1.93,312.41
568.51,-1.68,312.71
569.89,-2.02,312.92
572.40,-1.85,312.85
571.62,-1.75,312.77
570.83,-1.66,312.70
570.05,-1.56,312.63
569.26,-1.47,312.56
568.48,-1.37,312.48
567.70,-1.28,312.41
566.92,-1.18,312.34
566.13,-1.09,312.27
565.35,-0.99,312.19
564.57,-0.90,312.12
563.79,-0.80,312.05
563.00,-0.71,311.98
562.22,-0.61,311.90
561.44,-0.52,311.83
560.66,-0.42,311.76
559.87,-0.33,311.69
559.09,-0.23,311.61
558.31,-0.14,311.54
557.53,-0.04,311.47
556.74,0.05,311.40
555.96,0.15,311.32
555.18,0.24,311.25
554.43,0.34,311.18
550.65,0.00,311.23
551.82,0.00,311.29
552.99,0.00,311.34
554.16,0.00,311.40
555.32,0.00,311.45
556.49,0.00,311.50
557.66,0.00,311.56
558.83,0.00,311.61
556.44,-0.34,311.47
557.95,-0.77,311.61
559.46,-1.20,311.76
557.57,-0.46,311.47
558.45,-1.37,311.54
555.56,-0.56,311.25
553.67,-0.32,311.18
554.30,-0.96,311.18
554.30,-0.98,311.11
552.98,-0.79,311.03
551.66,-0.59,310.96
550.40,-1.16,310.74
551.91,-0.80,310.96
553.04,-0.78,311.10
553.30,-0.80,310.96
552.54,-0.98,311.03
552.67,-0.84,311.03
551.59,-0.59,310.92
550.52,-0.35,310.81
547.25,-0.70,310.52
545.48,-0.36,310.59
546.11,0.00,310.59
546.37,0.00,310.81
546.24,0.00,310.59
546.11,0.00,310.64
546.24,-0.17,310.69
546.37,-0.35,310.74
548.00,-0.41,310.59
549.14,-0.59,310.67
548.63,-0.76,310.59
547.63,-0.61,310.59
547.75,-0.63,310.59
547.63,-0.70,310.45
546.43,-0.12,310.38
545.23,0.47,310.30
545.23,0.00,310.59
545.48,0.00,310.45
546.24,0.00,310.59
547.25,-0.46,310.38
547.63,-0.66,310.38
550.02,-0.90,310.57
551.66,-1.05,310.77
553.29,-1.20,310.96
554.55,-1.12,311.03
555.05,-1.24,311.18
554.17,-1.27,311.03
552.16,-1.31,310.89
552.41,-1.16,310.96
552.16,-1.29,311.03
553.48,-0.88,311.11
554.80,-0.47,311.18
555.93,-0.36,311.32
557.07,-1.16,311.54
559.58,-0.86,311.61
559.33,-0.47,311.61
563.73,0.00,312.12
562.98,-0.54,312.05
559.02,-0.69,311.73
555.05,-0.84,311.40
553.67,-1.02,311.18
553.04,-0.98,311.03
553.42,-1.02,311.03
551.78,-1.33,310.89
550.65,-0.82,310.81
549.64,-0.68,310.82
549.77,-0.69,310.83
549.90,-0.69,310.84
550.03,-0.70,310.85
550.16,-0.71,310.86
550.29,-0.71,310.88
550.42,-0.72,310.89
550.54,-0.72,310.90
550.67,-0.73,310.91
550.80,-0.74,310.92
550.93,-0.74,310.93
551.06,-0.75,310.94
551.19,-0.76,310.95
551.32,-0.76,310.96
551.45,-0.77,310.97
551.58,-0.78,310.98
551.71,-0.78,310.99
551.84,-0.79,311.01
551.97,-0.79,311.02
552.10,-0.80,311.03
552.23,-0.81,311.04
552.35,-0.81,311.05
552.48,-0.82,311.06
552.61,-0.83,311.07
552.74,-0.83,311.08
552.87,-0.84,311.09
553.00,-0.85,311.10
553.13,-0.85,311.11
553.26,-0.86,311.12
553.39,-0.87,311.14
553.52,-0.87,311.15
553.65,-0.88,311.16
553.78,-0.88,311.17
553.91,-0.89,311.18
554.04,-0.90,311.19
554.17,-0.90,311.20
554.30,-0.91,311.21
554.43,-0.92,311.22
554.56,-0.92,311.23
554.68,-0.93,311.24
554.81,-0.94,311.25
554.94,-0.94,311.27
555.07,-0.95,311.28
555.20,-0.95,311.29
555.33,-0.96,311.30
555.46,-0.97,311.31
555.59,-0.97,311.32
556.72,-0.98,311.40
557.85,-1.04,311.54
558.91,-0.80,311.65
559.96,-0.57,311.76
559.71,-1.27,311.76
561.47,-1.18,311.91
561.59,0.00,311.98
560.54,0.05,311.87
559.49,0.11,311.76
558.45,0.17,311.65
557.40,0.22,311.54
556.35,0.28,311.43
555.30,0.33,311.32
554.42,0.61,311.18
554.17,0.46,311.18
552.79,0.40,311.03
553.04,0.50,310.96
553.29,0.47,311.03
553.48,0.46,311.06
553.67,0.44,311.10
555.68,0.59,311.18
556.31,0.00,311.32
555.68,0.32,311.25
555.30,0.38,311.25
553.29,0.38,311.03
553.04,0.65,311.03
552.99,0.64,311.03
552.95,0.62,311.03
552.90,0.61,311.03
552.85,0.59,311.03
552.81,0.58,311.02
552.76,0.57,311.02
552.71,0.55,311.02
552.67,0.54,311.02
552.62,0.52,311.02
552.57,0.51,311.02
552.53,0.50,311.02
552.48,0.48,311.02
552.43,0.47,311.02
552.39,0.45,311.02
552.34,0.44,311.01
552.29,0.42,311.01
552.25,0.41,311.01
552.20,0.40,311.01
552.15,0.38,311.01
552.11,0.37,311.01
552.06,0.35,311.01
552.01,0.34,311.01
551.97,0.33,311.01
551.92,0.31,311.01
551.87,0.30,311.00
551.83,0.28,311.00
551.78,0.27,311.00
551.73,0.26,311.00
551.69,0.24,311.00
551.64,0.23,311.00
551.59,0.21,311.00
551.55,0.20,311.00
551.50,0.19,311.00
551.45,0.17,311.00
551.41,0.16,310.99
551.36,0.14,310.99
551.31,0.13,310.99
551.27,0.12,310.99
551.22,0.10,310.99
551.17,0.09,310.99
551.13,0.07,310.99
551.08,0.06,310.99
551.03,0.04,310.99
550.99,0.03,310.99
550.94,0.02,310.98
550.89,0.00,310.98
550.85,-0.01,310.98
550.80,-0.03,310.98
550.75,-0.04,310.98
550.70,-0.05,310.98
550.66,-0.07,310.98
550.61,-0.08,310.98
550.56,-0.10,310.98
550.52,-0.11,310.98
550.47,-0.12,310.97
550.42,-0.14,310.97
550.38,-0.15,310.97
550.33,-0.17,310.97
550.28,-0.18,310.97
550.24,-0.20,310.97
550.19,-0.21,310.97
550.14,-0.22,310.97
550.10,-0.24,310.97
550.05,-0.25,310.97
550.00,-0.27,310.96
549.96,-0.28,310.96
549.91,-0.29,310.96
549.86,-0.31,310.96
549.82,-0.32,310.96
549.77,-0.34,310.96
551.28,-0.35,311.03
551.28,-0.49,311.01
551.97,-0.78,310.98
552.66,-1.06,310.96
553.55,-0.80,311.03
551.66,-0.82,310.89
550.40,-0.68,310.81
550.27,-0.57,310.89
550.78,-0.43,310.89
552.92,-0.52,310.96
554.17,-0.42,311.07
555.43,-0.32,311.18
556.56,-0.27,311.27
557.70,-0.21,311.35
558.83,-0.16,311.44
559.96,-0.11,311.52
561.10,-0.05,311.61
562.23,0.00,311.90
564.61,-0.16,312.20
567.00,-0.32,312.49
564.49,-0.56,312.34
563.99,-0.38,312.34
566.12,-0.32,312.41
567.63,0.00,312.63
566.00,-0.88,312.41
563.23,-0.46,312.12
563.08,-0.44,312.10
562.94,-0.43,312.09
562.79,-0.41,312.07
562.65,-0.40,312.05
562.50,-0.38,312.04
562.36,-0.37,312.02
562.21,-0.35,312.00
562.07,-0.33,311.99
561.92,-0.32,311.97
561.78,-0.30,311.95
561.63,-0.29,311.94
561.48,-0.27,311.92
561.34,-0.26,311.90
561.19,-0.24,311.89
561.05,-0.22,311.87
560.90,-0.21,311.86
560.76,-0.19,311.84
560.61,-0.18,311.82
560.47,-0.16,311.81
560.32,-0.14,311.79
560.17,-0.13,311.77
560.03,-0.11,311.76
559.88,-0.10,311.74
559.74,-0.08,311.72
559.59,-0.07,311.71
559.45,-0.05,311.69
559.30,-0.03,311.67
559.16,-0.02,311.66
559.01,0.00,311.64
558.87,0.01,311.62
558.72,0.03,311.61
558.57,0.04,311.59
558.43,0.06,311.57
558.28,0.08,311.56
558.14,0.09,311.54
557.99,0.11,311.52
557.85,0.12,311.51
557.70,0.14,311.49
557.56,0.15,311.47
557.41,0.17,311.46
557.27,0.19,311.44
557.12,0.20,311.42
556.97,0.22,311.41
556.83,0.23,311.39
556.68,0.25,311.37
556.54,0.27,311.36
556.39,0.28,311.34
556.25,0.30,311.33
556.10,0.31,311.31
555.95,0.33,311.29
555.81,0.34,311.27
555.66,0.36,311.26
555.51,0.38,311.24
555.37,0.39,311.23
555.22,0.41,311.21
555.08,0.42,311.19
554.93,0.44,311.18
554.79,0.45,311.16
554.64,0.47,311.14
554.50,0.49,311.13
554.35,0.50,311.11
554.20,0.52,311.09
554.06,0.53,311.08
553.91,0.55,311.06
553.77,0.57,311.04
553.62,0.58,311.03
553.48,0.60,311.01
553.33,0.61,310.99
553.19,0.63,310.98
553.04,0.64,310.96
555.68,0.66,311.25
556.44,0.41,311.27
556.69,0.37,311.30
556.94,0.34,311.32
557.45,0.36,311.47
559.96,0.47,311.76
562.35,0.36,311.98
562.85,-0.40,312.05
564.99,0.46,312.34
564.49,0.33,312.34
560.66,0.00,311.94
556.82,-0.34,311.54
557.32,-0.28,311.55
557.83,-0.23,311.57
558.33,-0.17,311.58
558.83,-0.11,311.60
559.34,-0.06,311.61
559.84,0.00,311.85
562.22,0.23,312.10
564.61,0.47,312.34
564.49,-0.33,312.20
564.36,0.35,312.34
561.47,-0.32,311.91
561.85,0.00,311.98
562.10,-0.34,311.98
563.86,0.44,312.20
563.65,0.45,312.18
563.44,0.45,312.16
563.23,0.46,312.14
563.02,0.46,312.12
562.81,0.47,312.10
562.60,0.47,312.07
562.39,0.48,312.05
562.18,0.48,312.03
561.97,0.49,312.01
561.76,0.49,311.99
561.55,0.50,311.97
561.34,0.50,311.95
561.13,0.51,311.93
560.92,0.51,311.91
560.71,0.52,311.89
560.50,0.53,311.87
560.29,0.53,311.85
560.08,0.54,311.82
559.87,0.54,311.80
559.66,0.55,311.78
559.45,0.55,311.76
559.24,0.56,311.74
559.03,0.56,311.72
558.82,0.57,311.70
558.61,0.57,311.68
558.40,0.58,311.66
558.19,0.58,311.64
557.98,0.59,311.62
557.77,0.60,311.60
557.56,0.60,311.57
557.35,0.61,311.55
557.14,0.61,311.53
556.93,0.62,311.51
556.72,0.62,311.49
556.50,0.63,311.47
556.29,0.63,311.45
556.08,0.64,311.43
555.87,0.64,311.41
555.66,0.65,311.39
555.45,0.65,311.37
555.24,0.66,311.35
555.03,0.66,311.32
554.82,0.67,311.30
554.61,0.68,311.28
554.40,0.68,311.26
554.19,0.69,311.24
553.98,0.69,311.22
553.77,0.70,311.20
553.56,0.70,311.18
553.35,0.71,311.16
553.13,0.71,311.14
552.92,0.72,311.12
552.71,0.72,311.09
552.50,0.73,311.07
552.29,0.73,311.05
552.08,0.74,311.03
551.87,0.75,311.01
551.66,0.75,310.99
551.45,0.76,310.97
551.24,0.76,310.95
551.03,0.77,310.93
550.82,0.77,310.91
550.61,0.78,310.89
550.40,0.78,310.87
550.19,0.79,310.84
549.98,0.79,310.82
549.77,0.80,310.80
549.56,0.80,310.78
549.35,0.81,310.76
549.14,0.81,310.74
548.76,0.82,310.45
549.39,0.86,310.50
547.94,0.61,310.54
546.49,0.36,310.59
544.09,1.08,310.08
546.61,0.59,310.30
548.63,0.82,310.45
549.38,0.94,310.81
550.01,0.96,310.74
549.89,0.90,310.67
548.38,0.62,310.56
546.86,0.33,310.45
547.97,0.28,310.54
549.09,0.22,310.63
550.20,0.17,310.71
551.31,0.11,310.80
552.43,0.05,310.89
553.54,0.00,311.03
554.61,0.00,311.18
555.68,0.00,311.32
555.68,0.68,311.40
556.56,-0.76,311.47
560.21,-0.86,311.76
561.09,0.00,311.83
558.32,0.33,311.76
557.94,0.56,311.54
558.29,0.54,311.58
558.64,0.52,311.62
558.99,0.51,311.66
559.33,0.49,311.69
559.68,0.47,311.73
560.03,0.45,311.77
560.38,0.43,311.81
560.73,0.42,311.85
561.08,0.40,311.89
561.42,0.38,311.92
561.77,0.36,311.96
562.12,0.34,312.00
562.47,0.33,312.04
562.82,0.31,312.08
563.17,0.29,312.12
563.51,0.27,312.15
563.86,0.25,312.19
564.21,0.24,312.23
564.56,0.22,312.27
564.91,0.20,312.31
565.26,0.18,312.35
565.61,0.16,312.39
565.95,0.15,312.42
566.30,0.13,312.46
566.65,0.11,312.50
567.00,0.09,312.54
567.35,0.07,312.58
567.70,0.06,312.62
568.04,0.04,312.65
568.39,0.02,312.69
568.74,0.00,312.73
569.09,-0.02,312.77
569.44,-0.03,312.81
569.79,-0.05,312.85
570.13,-0.07,312.88
570.48,-0.09,312.92
570.83,-0.11,312.96
571.18,-0.12,313.00
571.53,-0.14,313.04
571.88,-0.16,313.08
572.22,-0.18,313.11
572.57,-0.20,313.15
572.92,-0.21,313.19
573.27,-0.23,313.23
573.62,-0.25,313.27
573.97,-0.27,313.31
574.31,-0.29,313.35
574.66,-0.30,313.38
575.01,-0.32,313.42
575.37,-0.34,313.46
575.72,-0.36,313.50
576.07,-0.38,313.54
576.41,-0.40,313.58
576.76,-0.41,313.62
577.11,-0.43,313.65
577.46,-0.45,313.69
577.81,-0.47,313.73
578.16,-0.49,313.77
578.51,-0.50,313.81
578.85,-0.52,313.85
579.20,-0.54,313.88
579.55,-0.56,313.92
579.90,-0.58,313.96
580.25,-0.59,314.00
580.60,-0.61,314.04
580.95,-0.63,314.08
581.29,-0.65,314.11
581.64,-0.67,314.15
581.99,-0.68,314.19
582.34,-0.70,314.23
582.71,-0.72,314.23
582.21,-0.54,313.87
577.07,-0.88,313.50
571.93,-1.22,313.14
568.79,-0.46,312.78
567.03,-0.38,312.63
567.40,0.00,312.63
565.02,0.33,312.41
562.50,0.43,312.12
563.26,0.74,312.20
565.58,0.55,312.38
567.91,0.35,312.56
573.53,0.03,313.11
579.14,-0.29,313.66
584.77,-0.60,314.22
590.39,-0.92,314.77
596.01,-1.24,315.32
601.63,-1.56,314.98
592.18,-1.43,314.64
582.72,-1.29,314.30
582.72,-1.49,314.23
580.46,-0.76,314.08
574.06,-0.54,313.36
566.02,-0.35,312.63
563.01,-0.76,312.56
562.50,-0.44,312.34
562.43,-0.44,312.33
562.36,-0.44,312.33
562.30,-0.44,312.32
562.23,-0.43,312.31
562.16,-0.43,312.30
562.09,-0.43,312.30
562.02,-0.43,312.29
561.95,-0.43,312.28
561.89,-0.43,312.27
561.82,-0.43,312.27
561.75,-0.43,312.26
561.68,-0.42,312.25
561.61,-0.42,312.25
561.54,-0.42,312.24
561.48,-0.42,312.23
561.41,-0.42,312.22
561.34,-0.42,312.22
561.27,-0.42,312.21
561.20,-0.42,312.20
561.14,-0.41,312.19
561.07,-0.41,312.19
561.00,-0.41,312.18
560.93,-0.41,312.17
560.86,-0.41,312.17
560.79,-0.41,312.16
560.73,-0.41,312.15
560.66,-0.41,312.14
560.59,-0.40,312.14
560.52,-0.40,312.13
560.45,-0.40,312.12
560.38,-0.40,312.11
560.32,-0.40,312.11
560.25,-0.40,312.10
560.18,-0.40,312.09
560.11,-0.40,312.09
560.04,-0.39,312.08
559.98,-0.39,312.07
559.91,-0.39,312.06
559.84,-0.39,312.06
559.77,-0.39,312.05
559.70,-0.39,312.04
559.63,-0.39,312.03
559.57,-0.39,312.03
559.50,-0.38,312.02
559.43,-0.38,312.01
559.36,-0.38,312.01
559.29,-0.38,312.00
559.22,-0.38,311.99
559.16,-0.38,311.98
559.09,-0.38,311.98
559.02,-0.38,311.97
558.95,-0.37,311.96
558.88,-0.37,311.95
558.81,-0.37,311.95
558.74,-0.37,311.94
558.68,-0.37,311.93
558.61,-0.37,311.92
558.54,-0.37,311.92
558.47,-0.37,311.91
558.40,-0.36,311.90
558.33,-0.36,311.90
558.27,-0.36,311.89
558.20,-0.36,311.88
558.13,-0.36,311.87
558.06,-0.36,311.87
557.99,-0.36,311.86
557.92,-0.36,311.85
557.86,-0.35,311.84
557.79,-0.35,311.84
557.72,-0.35,311.83
556.96,-0.35,311.76
555.20,-0.34,311.59
554.70,-0.39,311.42
554.19,-0.44,311.25
553.06,-0.35,311.25
555.07,-0.52,311.18
557.33,-0.39,311.61
558.84,-0.33,311.76
559.10,-0.56,311.76
559.35,-0.72,311.76
558.91,-0.67,311.79
558.47,-0.61,311.83
559.60,-0.51,311.90
560.73,-0.41,311.98
561.86,-0.31,312.05
563.00,-0.20,312.13
564.13,-0.10,312.20
565.26,0.00,312.20
564.19,0.18,312.20
563.12,0.36,312.20
561.11,0.50,311.98
563.50,0.70,312.20
563.50,0.63,312.34
562.36,0.54,312.12
560.35,0.56,311.91
560.98,0.74,311.98
560.98,0.71,311.98
560.99,0.68,311.98
560.99,0.66,311.98
560.99,0.63,311.99
561.00,0.60,311.99
561.00,0.57,311.99
561.00,0.54,311.99
561.01,0.52,311.99
561.01,0.49,311.99
561.01,0.46,312.00
561.02,0.43,312.00
561.02,0.41,312.00
561.02,0.38,312.00
561.03,0.35,312.00
561.03,0.32,312.00
561.03,0.29,312.00
561.04,0.27,312.01
561.04,0.24,312.01
561.04,0.21,312.01
561.05,0.18,312.01
561.05,0.16,312.01
561.05,0.13,312.01
561.05,0.10,312.01
561.06,0.07,312.02
561.06,0.04,312.02
561.06,0.02,312.02
561.07,-0.01,312.02
561.07,-0.04,312.02
561.07,-0.07,312.02
561.08,-0.10,312.03
561.08,-0.12,312.03
561.08,-0.15,312.03
561.09,-0.18,312.03
561.09,-0.21,312.03
561.09,-0.24,312.03
561.10,-0.26,312.03
561.10,-0.29,312.04
561.10,-0.32,312.04
561.11,-0.35,312.04
561.11,-0.37,312.04
561.11,-0.40,312.04
561.12,-0.43,312.04
561.12,-0.46,312.05
561.12,-0.49,312.05
561.13,-0.51,312.05
561.13,-0.54,312.05
561.64,-0.57,312.34
563.27,-0.50,312.20
565.34,-0.76,312.42
567.41,-1.02,312.63
572.81,-1.20,313.07
574.19,-0.38,313.36
576.20,-0.33,313.50
575.99,-0.50,313.51
575.78,-0.68,313.53
575.58,-0.85,313.54
575.37,-1.02,313.55
575.16,-1.20,313.57
574.95,-1.37,313.58
573.94,-1.31,313.50
577.96,-1.37,313.79
579.97,-0.46,313.94
577.46,-0.46,313.79
572.81,0.00,313.29
573.00,-0.25,313.29
573.19,-0.50,313.29
575.45,-0.33,313.50
580.97,-0.46,314.08
586.36,-1.18,314.66
589.74,-0.74,315.03
591.37,-0.56,315.24
590.12,-0.80,315.05
587.86,-1.04,314.85
585.61,-1.27,314.66
585.49,-1.56,314.66
584.99,-1.98,314.45
586.24,-1.68,314.66
587.74,-1.66,315.03
589.62,-1.68,315.10
591.63,-1.45,315.05
589.68,-0.97,315.00
587.74,-0.49,314.95
585.99,-0.34,314.66
580.60,-0.66,314.23
580.60,-1.22,314.08
578.97,-0.41,313.94
577.21,-1.14,313.87
576.08,-1.27,313.58
572.82,-0.89,313.25
569.55,-0.50,312.92
566.79,0.47,312.78
566.79,0.86,312.71
564.78,0.65,312.49
562.64,-0.63,312.34
561.39,-0.34,312.20
562.14,0.00,312.25
561.44,-0.16,312.29
560.75,-0.32,312.34
561.38,-0.38,312.34
561.38,-0.32,312.34
563.64,-0.36,312.41
564.78,-0.68,312.41
563.52,-0.57,312.34
561.51,-0.52,312.24
561.13,-0.42,312.15
560.75,-0.33,312.05
561.63,-0.36,312.41
561.76,-0.33,312.49
562.26,-0.43,312.34
561.51,-0.41,312.12
561.63,-0.32,312.49
562.89,0.00,312.41
562.83,-0.23,312.38
562.76,-0.47,312.34
562.14,-0.43,312.34
561.51,-0.36,312.20
561.13,-0.33,312.34
561.13,0.00,312.49
561.26,0.00,312.41
561.51,0.00,312.41
561.65,-0.03,312.40
561.80,-0.06,312.40
561.94,-0.09,312.40
562.08,-0.13,312.39
562.22,-0.16,312.39
562.37,-0.19,312.39
562.51,-0.22,312.39
562.65,-0.25,312.38
562.80,-0.28,312.38
562.94,-0.31,312.38
563.08,-0.34,312.37
563.22,-0.38,312.37
563.37,-0.41,312.37
563.51,-0.44,312.36
563.65,-0.47,312.36
563.79,-0.50,312.36
563.94,-0.53,312.36
564.08,-0.56,312.35
564.22,-0.59,312.35
564.36,-0.63,312.35
564.51,-0.66,312.34
564.65,-0.69,312.34
562.14,-0.72,312.34
560.88,-0.44,312.36
561.63,-0.42,312.38
562.39,-0.41,312.40
563.14,-0.39,312.42
563.90,-0.38,312.43
564.65,-0.36,312.45
565.41,-0.35,312.47
566.16,-0.33,312.49
564.78,0.61,312.41
563.78,0.48,312.41
562.77,0.34,312.41
565.03,-0.44,312.41
566.54,-0.68,312.56
566.91,-0.84,312.63
566.54,-0.76,312.63
567.16,-0.63,312.63
567.92,-0.76,312.66
567.54,-0.56,312.68
567.16,-0.35,312.71
565.15,0.52,312.41
563.77,0.76,312.34
562.77,0.96,312.34
562.14,0.96,312.20
562.26,1.27,312.34
563.14,1.20,312.49
564.84,0.76,312.53
566.53,0.33,312.56
566.28,0.50,312.49
567.79,0.61,312.71
568.42,0.50,312.71
566.66,0.39,312.71
565.90,0.46,312.63
566.41,-0.80,312.73
568.11,-0.60,312.82
569.80,-0.41,312.92
566.53,-1.29,312.71
563.90,-0.76,312.49
563.64,-0.46,312.49
564.02,-0.59,312.49
565.53,-0.61,312.71
565.28,-0.74,312.56
565.97,-0.54,312.59
566.66,-0.33,312.63
569.55,-0.94,312.85
572.44,-1.29,313.14
574.82,-1.45,313.50
573.44,-1.66,313.29
574.95,-1.27,313.50
574.57,-0.39,313.26
571.05,-0.19,313.02
567.54,0.00,312.78
565.15,-0.90,312.56
565.03,-0.70,312.63
566.16,-0.61,312.56
566.03,-0.88,312.71
566.41,-0.63,312.63
567.54,-0.70,312.73
568.23,-0.52,312.82
568.92,-0.34,312.92
566.66,-1.08,312.71
567.67,-0.74,312.71
569.17,-1.06,312.92
571.18,-1.16,313.07
573.44,-1.14,313.29
575.08,-1.16,313.50
574.64,-1.16,313.50
574.20,-1.16,313.50
574.45,-1.00,313.50
574.07,0.40,313.36
572.69,0.32,313.29
570.68,0.41,313.07
570.56,0.46,313.07
570.18,0.44,313.05
569.87,0.41,313.03
569.55,0.37,313.01
569.24,0.34,312.99
568.92,0.31,312.97
568.61,0.27,312.96
568.30,0.24,312.94
567.98,0.21,312.92
567.67,0.17,312.90
567.35,0.14,312.88
567.04,0.11,312.86
566.73,0.07,312.84
566.41,0.04,312.82
566.10,0.00,312.80
565.78,-0.03,312.78
565.47,-0.06,312.76
565.16,-0.10,312.74
564.84,-0.13,312.73
564.53,-0.16,312.71
564.21,-0.20,312.69
563.90,-0.23,312.67
563.58,-0.26,312.65
563.27,-0.30,312.63
564.91,-0.33,312.63
565.66,-0.41,312.69
566.34,-0.30,312.74
567.02,-0.20,312.79
567.70,-0.09,312.85
568.39,0.01,312.90
569.07,0.12,312.96
569.75,0.22,313.02
570.43,0.33,313.07
570.56,0.63,313.14
570.56,0.15,313.11
570.56,-0.33,313.07
570.18,0.52,313.00
570.18,0.56,313.00
571.69,0.74,313.21
571.19,0.43,313.07
571.31,0.54,313.07
572.95,0.57,313.24
574.39,0.01,313.41
575.83,-0.56,313.58
577.21,0.00,313.65
578.22,0.00,313.79
578.22,-0.33,313.79
579.72,-1.22,314.01
579.09,-1.64,313.94
578.72,-1.20,313.94
577.59,-0.60,313.79
576.46,0.00,313.65
576.21,-0.33,313.58
574.95,-0.56,313.43
573.83,0.00,313.29
570.56,0.32,313.14
569.56,0.70,313.07
569.43,0.59,313.07
569.68,0.93,313.07
569.93,1.27,313.07
570.31,0.52,313.07
571.19,0.46,313.14
572.32,0.49,313.21
573.58,0.44,313.29
574.58,0.38,313.50
572.32,-0.35,313.21
572.44,-0.35,313.25
572.57,-0.36,313.29
572.70,0.49,313.21
572.95,0.40,313.29
573.95,0.52,313.36
572.19,0.34,313.14
572.57,0.41,313.21
573.32,0.44,313.26
573.45,0.44,313.31
573.58,0.44,313.36
574.20,0.35,313.50
576.34,0.57,313.65
576.71,0.40,313.79
577.22,0.33,313.87
578.34,0.39,313.87
576.59,-0.41,313.70
574.89,0.00,313.53
573.20,0.40,313.36
571.19,0.35,313.21
571.69,0.57,313.14
571.19,0.52,313.21
571.07,0.84,313.21
570.69,0.66,313.07
571.44,0.84,313.21
572.88,0.73,313.32
574.33,0.61,313.43
573.95,0.34,313.29
574.58,0.46,313.50
574.08,0.50,313.50
575.59,0.49,313.50
574.96,0.40,313.50
572.82,0.41,313.49
572.81,0.41,313.47
572.81,0.41,313.46
572.80,0.41,313.45
572.80,0.41,313.44
572.79,0.41,313.42
572.79,0.41,313.41
572.78,0.41,313.40
572.78,0.41,313.39
572.77,0.41,313.37
572.77,0.41,313.36
572.76,0.41,313.35
572.75,0.40,313.34
572.75,0.40,313.32
572.74,0.40,313.31
572.74,0.40,313.30
572.73,0.40,313.29
572.73,0.40,313.27
572.72,0.40,313.26
572.72,0.40,313.25
572.71,0.40,313.24
572.71,0.40,313.22
572.70,0.40,313.21
573.45,0.40,313.29
576.21,0.49,313.43
577.18,0.37,313.56
578.15,0.26,313.69
579.12,0.14,313.83
580.09,0.03,313.97
581.06,-0.09,314.10
582.03,-0.20,314.24
583.00,-0.32,314.37
586.14,0.00,314.66
588.14,-0.55,314.91
590.15,-1.10,315.17
596.78,-1.56,315.68
598.41,-2.04,315.97
600.91,-1.87,316.26
602.54,-2.00,316.40
606.16,-1.56,316.83
607.16,-1.70,316.74
604.91,-1.49,316.64
602.66,-1.27,316.55
601.78,-1.49,316.40
601.78,-1.54,316.40
603.29,-1.14,316.55
600.91,-1.87,316.33
599.03,-1.62,316.33
599.16,-1.49,316.04
596.35,-1.53,315.86
593.54,-1.56,315.68
592.29,-1.24,315.39
594.29,-1.14,315.53
596.17,-1.31,315.82
596.67,-1.62,315.75
597.29,-1.64,315.82
597.17,-1.68,315.75
595.79,-1.56,315.68
594.41,-1.45,315.61
590.41,-0.34,315.24
587.78,0.33,314.95
583.64,0.41,314.45
582.51,0.32,314.30
583.76,0.38,314.45
582.51,0.43,314.30
578.81,0.38,313.94
575.11,0.32,313.58
576.49,-0.54,313.79
576.99,-0.50,313.87
577.24,-0.38,313.94
576.61,-0.40,313.72
575.11,-0.66,313.58
573.60,-0.49,313.58
574.23,-0.47,313.58
574.85,-0.46,313.58
574.60,-0.61,313.65
573.72,-0.66,313.50
572.34,-0.39,313.50
571.97,0.00,313.58
572.72,-0.33,313.50
573.72,0.00,313.53
574.79,-0.46,313.55
575.86,-0.92,313.58
577.99,-0.74,313.79
579.87,-0.84,313.94
580.87,-1.18,314.08
581.88,-1.33,314.16
584.38,-1.08,314.45
585.39,-1.31,314.52
587.01,-1.31,314.70
588.64,-1.31,314.88
588.27,-0.57,314.81
589.02,0.00,314.95
588.89,0.35,315.03
586.01,-0.32,314.66
583.26,0.35,314.45
580.75,0.39,314.41
580.39,0.36,314.37
580.02,0.33,314.33
579.66,0.30,314.28
579.29,0.26,314.24
578.93,0.23,314.20
578.56,0.20,314.16
578.20,0.17,314.12
577.83,0.14,314.08
577.47,0.11,314.04
577.10,0.08,314.00
576.74,0.05,313.95
576.37,0.01,313.91
576.01,-0.02,313.87
575.64,-0.05,313.83
575.28,-0.08,313.79
574.91,-0.11,313.75
574.55,-0.14,313.71
574.18,-0.17,313.67
573.82,-0.20,313.62
573.45,-0.24,313.58
573.09,-0.27,313.54
572.72,-0.30,313.50
573.47,-0.33,313.72
575.10,-0.46,313.74
574.72,-0.35,313.76
574.35,-0.24,313.78
573.97,-0.13,313.80
573.60,-0.01,313.81
573.22,0.10,313.83
572.85,0.21,313.85
572.47,0.32,313.87
571.96,0.00,313.36
571.09,-0.17,313.36
570.21,-0.35,313.36
569.83,0.00,313.21
570.33,-0.56,313.07
570.21,-0.47,313.14
569.58,-0.49,313.07
569.33,-0.47,313.00
569.20,-0.54,313.00
569.64,-0.55,313.00
570.08,-0.56,313.00
570.71,-0.56,313.21
570.46,-0.41,313.14
569.58,-0.40,313.07
569.08,-0.44,312.92
570.33,-0.98,312.92
570.46,-0.40,313.14
567.37,0.02,312.67
564.28,0.44,312.20
555.73,0.36,311.40
556.61,0.33,311.32
555.86,0.41,311.32
559.76,0.35,311.76
565.92,0.40,312.63
568.30,-0.61,312.53
565.98,-0.46,312.44
563.66,-0.32,312.34
564.66,0.78,312.20
568.81,0.76,312.92
573.83,-0.46,313.50
577.22,-0.56,313.65
581.61,-1.12,314.16
585.62,-1.12,314.52
588.44,-0.74,314.88
591.26,-0.35,315.24
592.27,-0.50,315.32
592.14,-0.68,315.32
591.27,-0.38,315.32
589.39,0.33,315.10
584.38,1.06,314.66
584.63,0.43,314.64
584.56,0.21,314.61
584.50,0.00,314.59
583.75,0.33,314.52
582.75,-0.33,314.37
583.88,0.39,314.52
585.38,0.00,314.66
587.01,0.35,314.95
589.64,0.32,315.05
589.89,-0.27,315.14
590.14,-0.86,315.24
590.77,-1.35,315.24
590.65,-1.47,315.24
591.77,-1.37,315.32
593.90,-0.41,315.53
595.03,-0.32,315.61
594.91,-0.80,315.61
596.22,-0.98,315.75
597.54,-1.16,315.90
594.53,-0.56,315.68
594.53,-0.32,315.61
594.91,-0.33,315.61
594.91,-0.44,315.61
592.41,-0.72,315.39
586.77,-0.35,315.34
586.54,-0.32,315.29
586.31,-0.28,315.24
586.08,-0.25,315.19
585.86,-0.22,315.14
585.63,-0.18,315.09
585.40,-0.15,315.04
585.17,-0.12,314.99
584.94,-0.09,314.94
584.72,-0.05,314.89
584.49,-0.02,314.83
584.26,0.01,314.78
584.03,0.05,314.73
583.80,0.08,314.68
583.57,0.11,314.63
583.35,0.15,314.58
583.12,0.18,314.53
582.89,0.21,314.48
582.66,0.24,314.43
582.43,0.28,314.38
582.21,0.31,314.33
581.98,0.34,314.28
581.75,0.38,314.23
581.63,0.41,314.23
583.76,0.56,314.44
585.66,0.29,314.65
587.56,0.02,314.86
589.46,-0.25,315.07
591.35,-0.52,315.27
593.25,-0.79,315.48
595.15,-1.06,315.69
597.05,-1.33,315.90
600.67,-1.29,316.33
600.17,-1.52,316.26
599.67,-1.75,316.18
600.92,-1.39,316.33
599.30,-0.57,316.18
598.92,-0.40,316.11
599.05,-1.35,316.18
599.67,-1.27,316.26
599.92,-0.40,316.16
598.80,-0.37,316.07
597.67,-0.33,315.97
596.92,0.00,315.90
596.80,-0.59,315.90
601.42,-1.37,316.33
602.05,-1.85,316.40
606.80,-1.33,316.83
610.55,-1.85,317.27
607.68,-1.68,317.05
604.81,-1.51,316.83
601.43,-0.63,316.40
600.43,-0.47,316.33
604.06,-0.39,316.62
606.81,-0.44,316.98
607.81,-0.57,317.05
609.43,-1.72,316.95
606.93,-1.50,316.86
604.43,-1.29,316.76
604.56,-1.60,316.76
600.06,-0.57,316.26
599.31,-0.43,316.18
594.42,-0.33,315.82
592.42,-0.38,315.46
587.66,-1.16,314.95
588.16,-0.74,315.02
588.66,-0.32,315.10
591.79,-0.90,315.32
590.42,-0.34,315.24
590.42,0.38,315.24
588.16,0.34,314.95
588.16,0.61,315.10
591.04,0.41,315.22
591.48,0.40,315.34
591.92,0.40,315.46
592.42,0.44,315.46
593.54,0.52,315.53
591.67,0.35,315.46
587.53,0.47,315.10
587.66,0.78,315.03
590.04,0.56,315.08
589.16,0.82,315.12
588.28,1.08,315.17
588.54,0.68,315.10
584.02,0.43,314.74
580.14,-0.59,314.66
580.26,0.00,314.81
581.27,0.00,314.81
580.89,0.00,314.52
581.26,0.00,314.59
581.64,0.00,314.66
581.27,0.00,314.66
581.27,0.00,314.52
581.27,0.00,314.66
580.77,0.00,314.52
580.52,0.00,314.52
581.39,0.00,314.57
581.90,-0.01,314.63
582.42,-0.02,314.68
582.93,-0.03,314.74
583.45,-0.04,314.79
583.96,-0.05,314.84
584.48,-0.06,314.90
584.99,-0.07,314.95
585.51,-0.08,315.00
586.02,-0.09,315.06
586.53,-0.10,315.11
587.05,-0.11,315.17
587.56,-0.12,315.22
588.08,-0.13,315.27
588.59,-0.14,315.33
589.11,-0.15,315.38
589.62,-0.16,315.43
590.14,-0.17,315.49
590.65,-0.18,315.54
591.17,-0.19,315.60
591.68,-0.20,315.65
592.19,-0.21,315.70
592.71,-0.22,315.76
593.22,-0.23,315.81
593.74,-0.24,315.86
594.25,-0.25,315.92
594.77,-0.26,315.97
595.29,-0.27,316.03
595.80,-0.28,316.08
596.32,-0.29,316.13
596.83,-0.30,316.19
597.35,-0.31,316.24
597.86,-0.32,316.30
598.38,-0.33,316.35
598.89,-0.34,316.40
599.41,-0.35,316.46
599.92,-0.36,316.51
600.44,-0.37,316.57
600.95,-0.38,316.62
601.47,-0.39,316.67
601.98,-0.40,316.73
602.50,-0.41,316.78
603.01,-0.42,316.83
603.53,-0.43,316.89
604.04,-0.44,316.94
604.55,-0.45,317.00
605.07,-0.46,317.05
602.57,-0.47,316.83
600.20,-0.41,316.69
601.88,-0.37,316.83
603.56,-0.32,316.98
607.69,-1.35,317.34
608.19,-0.52,317.56
603.81,-0.46,317.05
603.50,-0.59,317.05
603.19,-0.71,317.05
602.88,-0.84,317.05
602.56,-0.97,317.05
602.25,-1.09,317.05
601.94,-1.22,317.05
603.06,-1.31,316.98
603.94,-1.22,316.98
601.19,-0.33,316.76
600.31,-1.29,316.69
601.56,-0.90,316.98
600.44,-0.63,316.84
599.31,-0.35,316.69
597.81,0.00,316.69
599.43,0.00,316.69
601.81,-0.33,316.76
601.31,-0.50,316.76
597.93,-0.44,316.47
594.93,0.40,316.46
594.85,0.40,316.46
594.78,0.40,316.45
594.70,0.40,316.45
594.62,0.40,316.44
594.55,0.40,316.43
594.47,0.40,316.43
594.39,0.40,316.42
594.32,0.39,316.42
594.24,0.39,316.41
594.16,0.39,316.40
594.08,0.39,316.40
594.01,0.39,316.39
593.93,0.39,316.39
593.85,0.39,316.38
593.78,0.39,316.37
593.70,0.39,316.37
593.62,0.39,316.36
593.55,0.39,316.35
593.47,0.39,316.35
593.39,0.39,316.34
593.32,0.39,316.34
593.24,0.38,316.33
593.16,0.38,316.32
593.09,0.38,316.32
593.01,0.38,316.31
592.93,0.38,316.31
592.86,0.38,316.30
592.78,0.38,316.29
592.70,0.38,316.29
592.63,0.38,316.28
592.55,0.38,316.28
592.47,0.38,316.27
592.40,0.38,316.26
592.32,0.38,316.26
592.24,0.38,316.25
592.16,0.37,316.25
592.09,0.37,316.24
592.01,0.37,316.23
591.93,0.37,316.23
591.86,0.37,316.22
591.78,0.37,316.22
591.70,0.37,316.21
591.63,0.37,316.20
591.55,0.37,316.20
591.47,0.37,316.19
591.40,0.37,316.19
591.32,0.37,316.18
591.24,0.37,316.17
591.17,0.37,316.17
591.09,0.36,316.16
591.01,0.36,316.16
590.93,0.36,316.15
590.86,0.36,316.14
590.78,0.36,316.14
590.70,0.36,316.13
590.63,0.36,316.12
590.55,0.36,316.12
590.47,0.36,316.11
590.40,0.36,316.11
590.32,0.36,316.10
590.24,0.36,316.09
590.16,0.36,316.09
590.09,0.36,316.08
590.01,0.35,316.08
589.93,0.35,316.07
589.86,0.35,316.06
589.78,0.35,316.06
589.70,0.35,316.05
589.63,0.35,316.05
589.55,0.35,316.04
587.55,0.35,316.11
586.42,0.57,316.16
586.98,0.61,316.21
587.55,0.65,316.26
588.30,0.68,316.40
588.42,0.68,316.33
589.30,0.72,316.40
588.67,0.49,316.18
587.67,0.66,316.62
587.80,0.57,316.47
587.80,0.11,316.37
587.80,-0.35,316.26
588.05,-0.29,316.24
588.30,-0.23,316.23
588.55,-0.17,316.21
588.80,-0.12,316.20
589.05,-0.06,316.18
589.30,0.00,316.11
586.80,0.28,316.04
584.29,0.56,315.97
581.03,0.86,315.82
589.18,1.08,316.47
588.17,1.08,316.18
585.29,1.06,316.47
585.04,1.20,316.26
584.41,1.12,315.82
584.75,1.09,315.86
585.08,1.06,315.90
585.42,1.03,315.94
585.76,1.00,315.99
586.09,0.97,316.03
586.43,0.94,316.07
586.76,0.91,316.11
587.10,0.87,316.15
587.44,0.84,316.19
587.77,0.81,316.23
588.11,0.78,316.27
588.45,0.75,316.32
588.78,0.72,316.36
589.12,0.69,316.40
589.46,0.66,316.44
589.79,0.63,316.48
590.13,0.60,316.52
590.47,0.57,316.56
590.80,0.54,316.60
591.14,0.51,316.65
591.47,0.48,316.69
591.81,0.44,316.73
592.15,0.41,316.77
592.48,0.38,316.81
592.82,0.35,316.85
593.16,0.32,316.89
593.49,0.29,316.93
593.83,0.26,316.98
594.17,0.23,317.02
594.50,0.20,317.06
594.84,0.17,317.10
595.17,0.14,317.14
595.51,0.11,317.18
595.85,0.08,317.22
596.18,0.05,317.26
596.52,0.02,317.31
596.86,-0.02,317.35
597.19,-0.05,317.39
597.53,-0.08,317.43
597.87,-0.11,317.47
598.20,-0.14,317.51
598.54,-0.17,317.55
598.87,-0.20,317.59
599.21,-0.23,317.64
599.55,-0.26,317.68
599.88,-0.29,317.72
600.22,-0.32,317.76
600.56,-0.35,317.80
600.89,-0.38,317.84
601.24,-0.42,317.88
601.58,-0.45,317.93
601.91,-0.48,317.97
602.25,-0.51,318.01
602.59,-0.54,318.05
602.92,-0.57,318.09
603.26,-0.60,318.13
603.59,-0.63,318.17
603.93,-0.66,318.21
604.27,-0.69,318.26
604.60,-0.72,318.30
604.94,-0.75,318.34
605.28,-0.78,318.38
605.61,-0.81,318.42
605.95,-0.85,318.46
606.29,-0.88,318.50
606.62,-0.91,318.54
606.96,-0.94,318.59
607.30,-0.97,318.63
607.63,-1.00,318.67
607.97,-1.03,318.71
613.34,-1.06,319.50
615.84,-1.33,319.86
621.21,-0.91,320.22
626.59,-0.49,320.58
625.09,-0.78,320.22
627.34,-0.56,320.72
628.08,-0.65,321.01
631.94,-1.35,321.29
633.19,-1.77,321.29
630.20,-1.35,320.72
634.62,-1.48,321.25
639.04,-1.62,321.79
639.12,-1.59,321.86
639.21,-1.55,321.93
639.29,-1.51,322.01
639.37,-1.48,322.08
639.46,-1.44,322.15
639.54,-1.41,322.06
640.59,-1.23,321.96
641.65,-1.04,321.87
646.13,-1.37,322.58
648.61,-1.62,322.72
647.25,-0.72,322.80
651.35,-1.31,323.15
653.08,-1.14,323.15
656.06,-1.35,323.37
656.80,-1.36,323.45
657.55,-1.38,323.53
658.29,-1.39,323.60
659.03,-1.40,323.68
659.78,-1.41,323.76
660.52,-1.43,323.84
661.26,-1.44,323.92
662.01,-1.45,323.99
662.75,-1.47,324.07
663.49,-1.48,324.15
664.24,-1.49,324.23
664.98,-1.51,324.31
665.72,-1.52,324.39
666.47,-1.53,324.46
667.21,-1.54,324.54
667.95,-1.56,324.62
668.70,-1.57,324.70
669.44,-1.58,324.78
670.18,-1.60,324.85
670.93,-1.61,324.93
671.67,-1.62,325.01
672.41,-1.63,325.09
673.16,-1.65,325.17
673.90,-1.66,325.24
674.64,-1.67,325.32
675.39,-1.69,325.40
676.13,-1.70,325.48
676.87,-1.71,325.56
677.62,-1.73,325.63
678.36,-1.74,325.71
679.10,-1.75,325.79
679.85,-1.76,325.87
680.59,-1.78,325.95
681.33,-1.79,326.03
682.08,-1.80,326.10
682.82,-1.82,326.18
683.56,-1.83,326.26
684.31,-1.84,326.34
685.05,-1.86,326.42
685.79,-1.87,326.49
686.53,-1.88,326.57
687.28,-1.89,326.65
688.02,-1.91,326.73
688.76,-1.92,326.81
689.51,-1.93,326.88
690.25,-1.95,326.96
690.99,-1.96,327.04
691.74,-1.97,327.12
692.48,-1.98,327.20
693.25,-2.00,327.28
693.99,-2.01,327.36
694.73,-2.02,327.43
695.48,-2.04,327.51
696.22,-2.05,327.59
696.97,-2.06,327.67
697.71,-2.08,327.75
698.45,-2.09,327.82
699.20,-2.10,327.90
699.94,-2.11,327.98
700.68,-2.13,328.06
701.43,-2.14,328.14
702.17,-2.15,328.21
702.91,-2.17,328.29
703.66,-2.18,328.37
704.40,-2.19,328.45
705.15,-2.21,328.53
705.89,-2.22,328.61
706.63,-2.23,328.68
707.38,-2.24,328.76
708.12,-2.26,328.84
696.17,-2.27,327.92
686.55,-1.91,327.09
678.37,-1.80,326.27
670.18,-1.68,325.44
670.30,-1.35,325.22
663.74,-1.04,324.87
653.82,-1.33,324.01
659.77,-1.29,324.30
658.78,-1.14,323.87
656.79,-1.41,324.08
657.47,-1.36,324.29
658.16,-1.31,324.51
654.93,-1.33,324.05
651.71,-1.34,323.59
648.47,-1.36,323.14
645.25,-1.38,322.68
642.02,-1.39,322.22
638.79,-1.41,322.27
637.05,-1.25,322.32
635.31,-1.08,322.37
643.88,-0.86,322.80
636.68,-1.12,322.22
636.43,-1.18,322.22
635.06,-0.33,322.30
630.83,-0.36,321.94
635.93,-0.94,322.72
635.59,-0.92,322.71
635.26,-0.90,322.70
634.92,-0.88,322.68
634.59,-0.86,322.67
634.25,-0.84,322.66
633.92,-0.82,322.65
633.58,-0.80,322.64
633.25,-0.78,322.62
632.91,-0.76,322.61
632.58,-0.74,322.60
632.24,-0.72,322.59
631.91,-0.70,322.57
631.57,-0.68,322.56
631.24,-0.66,322.55
630.90,-0.64,322.54
630.57,-0.62,322.53
630.23,-0.60,322.51
629.90,-0.58,322.50
629.56,-0.56,322.49
629.23,-0.54,322.48
628.89,-0.52,322.47
628.56,-0.50,322.45
628.22,-0.48,322.44
627.89,-0.46,322.43
627.55,-0.44,322.42
627.22,-0.42,322.40
626.88,-0.40,322.39
626.55,-0.38,322.38
626.21,-0.36,322.37
625.88,-0.34,322.36
625.54,-0.32,322.34
625.20,-0.30,322.33
624.87,-0.28,322.32
624.53,-0.27,322.31
624.20,-0.25,322.30
623.86,-0.23,322.28
623.53,-0.21,322.27
623.19,-0.19,322.26
622.86,-0.17,322.25
622.52,-0.15,322.23
622.19,-0.13,322.22
621.85,-0.11,322.21
621.52,-0.09,322.20
621.18,-0.07,322.19
620.85,-0.05,322.17
620.51,-0.03,322.16
620.18,-0.01,322.15
619.84,0.01,322.14
619.51,0.03,322.13
619.17,0.05,322.11
618.83,0.07,322.10
618.50,0.09,322.09
618.16,0.11,322.08
617.83,0.13,322.06
617.49,0.15,322.05
617.15,0.17,322.04
616.82,0.19,322.03
616.48,0.21,322.02
616.15,0.23,322.00
615.81,0.25,321.99
615.48,0.27,321.98
615.14,0.29,321.97
614.81,0.31,321.95
614.47,0.33,321.94
614.14,0.35,321.93
613.80,0.37,321.92
613.47,0.39,321.91
613.13,0.41,321.89
612.80,0.43,321.88
612.46,0.45,321.87
610.59,0.47,321.87
611.46,0.74,322.08
611.95,0.37,322.30
612.45,0.00,322.51
612.95,0.68,321.72
613.45,0.68,322.15
612.70,0.68,321.65
611.95,0.57,322.01
610.45,0.82,322.72
610.20,0.74,322.15
611.63,0.74,322.01
613.07,0.74,321.87
614.38,0.56,321.94
615.69,0.38,322.01
617.00,0.20,322.08
618.31,0.03,322.15
619.62,-0.15,322.22
620.93,-0.33,322.13
620.06,-0.45,322.03
619.19,-0.57,321.94
616.57,0.54,322.51
615.45,0.66,323.01
615.45,0.65,321.94
615.69,0.65,322.51
615.94,0.63,322.58
619.56,0.49,322.01
623.18,0.35,321.44
